component_id,repo,primary_category,categories,component_kind,capability,name,normalized_name,path,extension,lines,exports,imports,dependency_roots,framework,package_manager,confidence,reuse_score,extraction_status,ai_scaffold_recommended,process_relevance,automation_relevance,logic_relevance,description,evidence,file_hash
5a2dd5bead5b3130e55560ac,mbarbine__Scripts,discovery,"discovery,automation,process",feed,discovery,deployment,deployment,helm/HHLP-DEV/HelmCharts/helm/feedback/templates/deployment.yaml,.yaml,46,,,,unknown,unknown,65,55,catalog-only,True,secondary,secondary,none,"Discovery component for discovery; review for shared sitemap, feed, llms, OpenAPI, or metadata generator.",discovery-score:55 | automation-score:50 | process-score:45,302a41088f711f38
2f13e51a3c3be12cfbe3bed8,mbarbine__Scripts,discovery,discovery,feed,discovery,test-connection,test-connection,helm/HHLP-DEV/HelmCharts/helm/feedback/templates/tests/test-connection.yaml,.yaml,18,,,,unknown,unknown,55,55,catalog-only,True,none,none,none,"Discovery component for discovery; review for shared sitemap, feed, llms, OpenAPI, or metadata generator.",discovery-score:55,68cecb23fbe7e9eb
99766ffdafbaeee247024ec5,mbarbine__Scripts,discovery,"discovery,automation,process",feed,discovery,deployment,deployment,helm/HHLP/bandwidth/HelmCharts/helm/feedback/templates/deployment.yaml,.yaml,46,,,,unknown,unknown,65,55,catalog-only,True,secondary,secondary,none,"Discovery component for discovery; review for shared sitemap, feed, llms, OpenAPI, or metadata generator.",discovery-score:55 | automation-score:50 | process-score:45,302a41088f711f38
9b84eeb0de9aac0eb41ea460,mbarbine__Scripts,discovery,discovery,feed,discovery,test-connection,test-connection,helm/HHLP/bandwidth/HelmCharts/helm/feedback/templates/tests/test-connection.yaml,.yaml,18,,,,unknown,unknown,55,55,catalog-only,True,none,none,none,"Discovery component for discovery; review for shared sitemap, feed, llms, OpenAPI, or metadata generator.",discovery-score:55,68cecb23fbe7e9eb
178b39c9b481675491c9a710,mbarbine__Scripts,discovery,discovery,feed,discovery,test-connection,test-connection,helm/HHLP/HelmCharts/helm/feedback/templates/tests/test-connection.yaml,.yaml,18,,,,unknown,unknown,55,55,catalog-only,True,none,none,none,"Discovery component for discovery; review for shared sitemap, feed, llms, OpenAPI, or metadata generator.",discovery-score:55,68cecb23fbe7e9eb
11d85b526061134f54191aad,mbarbine__airrow-commuter-balloon,discovery,discovery,sitemap,discovery,sitemap-check.test,sitemap-check,tests/sitemap-check.test.ts,.ts,19,,"fs,path,vitest","fs,path,vitest",next-react,pnpm,65,55,catalog-only,True,none,none,none,"Discovery component for discovery; review for shared sitemap, feed, llms, OpenAPI, or metadata generator.","imports:fs, path, vitest | discovery-score:55",94164a7e53a163e0
38ae98bfed449d81dd6c6d30,mbarbine__airrow-commuter-balloon,discovery,discovery,discovery-artifact,discovery,manifest,manifest,public/manifest.json,.json,21,,,,next-react,pnpm,55,55,catalog-only,False,none,none,none,"Discovery component for discovery; review for shared sitemap, feed, llms, OpenAPI, or metadata generator.",discovery-score:55,b7b16a001046bead
38a4953cc107c327f5d394ae,mbarbine__airrow-commuter-balloon,discovery,discovery,llms-discovery,ai,llms-index,llms-index,public/llms-index.json,.json,10,,,,next-react,pnpm,50,55,catalog-only,True,none,none,none,"Discovery component for ai; review for shared sitemap, feed, llms, OpenAPI, or metadata generator.",discovery-score:55,40268d72e84360e3
1ab9829a859aaef27ad945d6,mbarbine__automotive-flamethrower-webby,discovery,discovery,llms-discovery,ai,llms-index,llms-index,public/llms-index.json,.json,15,,,,next-react,pnpm,55,55,catalog-only,False,none,none,none,"Discovery component for ai; review for shared sitemap, feed, llms, OpenAPI, or metadata generator.",discovery-score:55,80a9a9640e25e708
b2d7b290da3ed416a69e4f8a,mbarbine__barbineworldwide-2026-metahack,discovery,discovery,discovery-artifact,ai,robots.test,robots,__tests__/app/robots.test.ts,.ts,65,,"@/app/robots,vitest","@/app,vitest",next-react,pnpm,75,45,site-specific-or-low-confidence,False,none,none,none,"Discovery component for ai; review for shared sitemap, feed, llms, OpenAPI, or metadata generator.","imports:@/app/robots, vitest | discovery-score:55 | model-provider",1aee42213f1eb0f7
dd68923b711057b55d9946cc,mbarbine__beer-museum-manager-www,discovery,discovery,discovery-artifact,discovery,manifest,manifest,public/manifest.json,.json,24,,,,next-react,pnpm,55,55,catalog-only,False,none,none,none,"Discovery component for discovery; review for shared sitemap, feed, llms, OpenAPI, or metadata generator.",discovery-score:55,adb0d2cbc93dab29
e98758fc0e27cec539065780,mbarbine__car-service-records,discovery,discovery,discovery-artifact,discovery,manifest,manifest,public/manifest.json,.json,32,,,,next-react,pnpm,55,55,catalog-only,False,none,none,none,"Discovery component for discovery; review for shared sitemap, feed, llms, OpenAPI, or metadata generator.",discovery-score:55,d1cc9141bd6755ba
abe46714249b3b952b695700,mbarbine__fashion-sadiepass-WWW,discovery,discovery,llms-discovery,ai,llms.test,llms,__tests__/llms.test.ts,.ts,18,,"fs,path","fs,path",svelte,pnpm,65,55,catalog-only,False,none,none,none,"Discovery component for ai; review for shared sitemap, feed, llms, OpenAPI, or metadata generator.","imports:fs, path | discovery-score:55",fb122a95bec31f5e
d76d37fc508575fdeda17b4c,mbarbine__fortune-cookie-webby-yj,discovery,discovery,sitemap,discovery,manifest-and-sitemap.test,manifest-and-sitemap,tests/manifest-and-sitemap.test.ts,.ts,73,,"@/app/manifest,@/app/sitemap,vitest","@/app,vitest",next-react,pnpm,65,45,site-specific-or-low-confidence,False,none,none,none,"Discovery component for discovery; review for shared sitemap, feed, llms, OpenAPI, or metadata generator.","imports:@/app/manifest, @/app/sitemap, vitest | discovery-score:55",2bafc07e740f859a
8fba70f01feb35d9255d03fe,mbarbine__gta-6-countdown-webby,discovery,discovery,sitemap,discovery,sitemap.test,sitemap,tests/sitemap.test.ts,.ts,15,,../app/sitemap,,next-react,pnpm,65,55,catalog-only,True,none,none,none,"Discovery component for discovery; review for shared sitemap, feed, llms, OpenAPI, or metadata generator.",imports:../app/sitemap | discovery-score:55,4630eef721526735
df40c909f3f643721532e56c,mbarbine__gta-6-countdown-webby,discovery,discovery,discovery-artifact,ai,robots.test,robots,tests/robots.test.ts,.ts,15,,../app/robots,,next-react,pnpm,65,55,catalog-only,False,none,none,none,"Discovery component for ai; review for shared sitemap, feed, llms, OpenAPI, or metadata generator.",imports:../app/robots | discovery-score:55,bbaa314d547ec508
5fd1941902df2a67632c4d55,mbarbine__gta-6-countdown-webby,discovery,discovery,discovery-artifact,discovery,manifest,manifest,public/manifest.json,.json,37,,,,next-react,pnpm,55,55,catalog-only,False,none,none,none,"Discovery component for discovery; review for shared sitemap, feed, llms, OpenAPI, or metadata generator.",discovery-score:55,90fbd1555ef400d7
ea90e03f5c5b016aae1b0e80,mbarbine__gta-6-countdown-webby,discovery,discovery,discovery-artifact,ai,network.manifest,network-manifest,public/network.manifest.json,.json,34,,,,next-react,pnpm,55,55,catalog-only,True,none,none,none,"Discovery component for ai; review for shared sitemap, feed, llms, OpenAPI, or metadata generator.",discovery-score:55,480db74f6a6a55d2
75c4b4cf9b1e76cbabe5ca3e,mbarbine__ja4mlab,discovery,discovery,discovery-artifact,ai,robots,robots,packages/shared-http/src/robots.ts,.ts,4,buildRobotsTxt,,,unknown,python,65,50,catalog-only,False,none,none,none,"Discovery component for ai; review for shared sitemap, feed, llms, OpenAPI, or metadata generator.",exports:buildRobotsTxt | discovery-score:55,3f260624e60825c9
d5dd575e4ede9d33c089e864,mbarbine__ja4mlab,discovery,discovery,sitemap,discovery,sitemap,sitemap,packages/shared-http/src/sitemap.ts,.ts,24,"SitemapUrl,buildSitemapXml",,,unknown,python,70,55,catalog-only,False,none,none,none,"Discovery component for discovery; review for shared sitemap, feed, llms, OpenAPI, or metadata generator.","exports:SitemapUrl, buildSitemapXml | discovery-score:55",4e8f0dbe6f1692a2
914db294b0371d7390b3c906,mbarbine__ja4mlab,discovery,discovery,discovery-artifact,mcp,024-session-expiry-reinit,024-session-expiry-reinit,scenarios/manifests/024-session-expiry-reinit.json,.json,16,,,,unknown,python,55,55,catalog-only,True,none,none,none,"Discovery component for mcp; review for shared sitemap, feed, llms, OpenAPI, or metadata generator.",discovery-score:55,78fac133f1f10cf0
14236078314789f8229d392b,mbarbine__ja4mlab,discovery,discovery,discovery-artifact,mcp,020-sse-subscribe,020-sse-subscribe,scenarios/manifests/020-sse-subscribe.json,.json,16,,,,unknown,python,55,55,catalog-only,True,none,none,none,"Discovery component for mcp; review for shared sitemap, feed, llms, OpenAPI, or metadata generator.",discovery-score:55,a702e5ff7a45e5a7
c517108e482686d866516d92,mbarbine__ja4mlab,discovery,discovery,discovery-artifact,mcp,021-sse-resume,021-sse-resume,scenarios/manifests/021-sse-resume.json,.json,16,,,,unknown,python,55,55,catalog-only,True,none,none,none,"Discovery component for mcp; review for shared sitemap, feed, llms, OpenAPI, or metadata generator.",discovery-score:55,a758f1dd4611eeb1
fcf6491c816f6379ebd0381e,mbarbine__ja4mlab,discovery,discovery,discovery-artifact,mcp,041-openclaw-streaming,041-openclaw-streaming,scenarios/manifests/041-openclaw-streaming.json,.json,16,,,,unknown,python,55,55,catalog-only,True,none,none,none,"Discovery component for mcp; review for shared sitemap, feed, llms, OpenAPI, or metadata generator.",discovery-score:55,763cfed157e8ae4e
346a8a6b474a43da6fb7eff4,mbarbine__ja4mlab,discovery,discovery,discovery-artifact,mcp,025-session-misuse,025-session-misuse,scenarios/manifests/025-session-misuse.json,.json,16,,,,unknown,python,55,55,catalog-only,True,none,none,none,"Discovery component for mcp; review for shared sitemap, feed, llms, OpenAPI, or metadata generator.",discovery-score:55,18636893a0ef88cf
072b040eacf20f07d0fa2f4e,mbarbine__ja4mlab,discovery,discovery,discovery-artifact,mcp,030-no-initialize,030-no-initialize,scenarios/manifests/030-no-initialize.json,.json,16,,,,unknown,python,55,55,catalog-only,True,none,none,none,"Discovery component for mcp; review for shared sitemap, feed, llms, OpenAPI, or metadata generator.",discovery-score:55,74823a389542c552
914b246c97d9e3e7108ffd60,mbarbine__ja4mlab,discovery,discovery,discovery-artifact,mcp,004-capability-consistency,004-capability-consistency,scenarios/manifests/004-capability-consistency.json,.json,16,,,,unknown,python,55,55,catalog-only,True,none,none,none,"Discovery component for mcp; review for shared sitemap, feed, llms, OpenAPI, or metadata generator.",discovery-score:55,a5008d6fd56cd8c4
36f23eccb50ab90a643f3c18,mbarbine__ja4mlab,discovery,discovery,discovery-artifact,mcp,011-enumerate,011-enumerate,scenarios/manifests/011-enumerate.json,.json,16,,,,unknown,python,55,55,catalog-only,True,none,none,none,"Discovery component for mcp; review for shared sitemap, feed, llms, OpenAPI, or metadata generator.",discovery-score:55,90d2b17974b3ea8b
972f08e3a6ee6a849a8ddaa8,mbarbine__ja4mlab,discovery,discovery,discovery-artifact,mcp,001-root-graph-discovery,001-root-graph-discovery,scenarios/manifests/001-root-graph-discovery.json,.json,16,,,,unknown,python,55,55,catalog-only,True,none,none,none,"Discovery component for mcp; review for shared sitemap, feed, llms, OpenAPI, or metadata generator.",discovery-score:55,8a23702712d92896
f191c14ada3d85a04ed523db,mbarbine__ja4mlab,discovery,discovery,discovery-artifact,mcp,012-tool-call,012-tool-call,scenarios/manifests/012-tool-call.json,.json,16,,,,unknown,python,55,55,catalog-only,True,none,none,none,"Discovery component for mcp; review for shared sitemap, feed, llms, OpenAPI, or metadata generator.",discovery-score:55,d2a0601e2f613269
c3735b2c81296d75c01fc9b6,mbarbine__ja4mlab,discovery,discovery,discovery-artifact,mcp,042-openclaw-partial-failure,042-openclaw-partial-failure,scenarios/manifests/042-openclaw-partial-failure.json,.json,16,,,,unknown,python,55,55,catalog-only,True,none,none,none,"Discovery component for mcp; review for shared sitemap, feed, llms, OpenAPI, or metadata generator.",discovery-score:55,d5ce9bf9ce211e7b
284b507fb4270d3f014ffa28,mbarbine__ja4mlab,discovery,discovery,llms-discovery,ai,003-llms-discovery,003-llms-discovery,scenarios/manifests/003-llms-discovery.json,.json,16,,,,unknown,python,55,55,catalog-only,True,none,none,none,"Discovery component for ai; review for shared sitemap, feed, llms, OpenAPI, or metadata generator.",discovery-score:55,be420d294234bb0b
efbe2e9f8f44891de00181a0,mbarbine__ja4mlab,discovery,discovery,discovery-artifact,mcp,023-concurrent-sessions,023-concurrent-sessions,scenarios/manifests/023-concurrent-sessions.json,.json,16,,,,unknown,python,55,55,catalog-only,True,none,none,none,"Discovery component for mcp; review for shared sitemap, feed, llms, OpenAPI, or metadata generator.",discovery-score:55,dfe08a5b1a805518
1a51305fbf92b66d8157b864,mbarbine__ja4mlab,discovery,discovery,discovery-artifact,mcp,010-init-only,010-init-only,scenarios/manifests/010-init-only.json,.json,16,,,,unknown,python,55,55,catalog-only,True,none,none,none,"Discovery component for mcp; review for shared sitemap, feed, llms, OpenAPI, or metadata generator.",discovery-score:55,72f2e1bbab02f6a4
2a3b3f8ba8951ad0c74943e3,mbarbine__ja4mlab,discovery,discovery,discovery-artifact,mcp,031-bad-order,031-bad-order,scenarios/manifests/031-bad-order.json,.json,16,,,,unknown,python,55,55,catalog-only,True,none,none,none,"Discovery component for mcp; review for shared sitemap, feed, llms, OpenAPI, or metadata generator.",discovery-score:55,ca68d4a2a892d7fe
91d43b3990fe6add995a5fd8,mbarbine__ja4mlab,discovery,discovery,discovery-artifact,mcp,033-version-mismatch,033-version-mismatch,scenarios/manifests/033-version-mismatch.json,.json,16,,,,unknown,python,55,55,catalog-only,True,none,none,none,"Discovery component for mcp; review for shared sitemap, feed, llms, OpenAPI, or metadata generator.",discovery-score:55,22565198313b3158
3b6ec95c247e3214ae4b3ba6,mbarbine__ja4mlab,discovery,discovery,discovery-artifact,mcp,032-batch-anomaly,032-batch-anomaly,scenarios/manifests/032-batch-anomaly.json,.json,16,,,,unknown,python,55,55,catalog-only,True,none,none,none,"Discovery component for mcp; review for shared sitemap, feed, llms, OpenAPI, or metadata generator.",discovery-score:55,177e0eaebe8f553b
1f86e3766487dd0435d6790d,mbarbine__ja4mlab,discovery,discovery,discovery-artifact,mcp,002-opendocs-discovery,002-opendocs-discovery,scenarios/manifests/002-opendocs-discovery.json,.json,16,,,,unknown,python,55,55,catalog-only,True,none,none,none,"Discovery component for mcp; review for shared sitemap, feed, llms, OpenAPI, or metadata generator.",discovery-score:55,3ed9c6e9f274f78d
80d96c2fb35df9e60f3f3b1a,mbarbine__ja4mlab,discovery,discovery,discovery-artifact,mcp,040-openclaw-minimal,040-openclaw-minimal,scenarios/manifests/040-openclaw-minimal.json,.json,16,,,,unknown,python,55,55,catalog-only,True,none,none,none,"Discovery component for mcp; review for shared sitemap, feed, llms, OpenAPI, or metadata generator.",discovery-score:55,c3cb8e0e09507c0c
31a12ae9338165da22049173,mbarbine__microwave-stickers-,discovery,discovery,discovery-artifact,discovery,manifest,manifest,app/manifest.json,.json,21,,,,next-react,pnpm,65,55,catalog-only,False,none,none,none,"Discovery component for discovery; review for shared sitemap, feed, llms, OpenAPI, or metadata generator.",discovery-score:55,ca7f3e092c0c8e8e
9b8673f8c3ce3fa44c980268,mbarbine__multiplayer-puzzle-game,discovery,discovery,discovery-artifact,discovery,manifest,manifest,public/manifest.json,.json,16,,,,next-react,pnpm,55,55,catalog-only,False,none,none,none,"Discovery component for discovery; review for shared sitemap, feed, llms, OpenAPI, or metadata generator.",discovery-score:55,b92644ada0c8ac42
9147a53464360fffaac2210f,mbarbine__onboard-platphorm-boilerplate-repo,discovery,discovery,discovery-artifact,mcp,manifest,manifest,public/manifest.json,.json,50,,,,next-react,pnpm,55,55,catalog-only,True,none,none,none,"Discovery component for mcp; review for shared sitemap, feed, llms, OpenAPI, or metadata generator.",discovery-score:55,737a25b6ba9238ca
0f70145a506714921ad98f73,mbarbine__platphorm-ascii,discovery,"discovery,automation",discovery-artifact,mcp,manifest,manifest,public/manifest.json,.json,47,,,,next-react,pnpm,65,55,catalog-only,True,none,secondary,none,"Discovery component for mcp; review for shared sitemap, feed, llms, OpenAPI, or metadata generator.",discovery-score:55 | automation-score:45,286387900471ca4b
c2e6a1744394b6b2beb5134d,mbarbine__platphorm-ascii,discovery,discovery,feed,discovery,rss.test,rss,__tests__/rss.test.ts,.ts,12,,"../app/rss.xml/route,vitest",vitest,next-react,pnpm,65,55,catalog-only,True,none,none,none,"Discovery component for discovery; review for shared sitemap, feed, llms, OpenAPI, or metadata generator.","imports:../app/rss.xml/route, vitest | discovery-score:55",571e28c0b263a24a
51e215c44c9cf11e1ef5bc04,mbarbine__platphorm-base,discovery,discovery,feed,ai,page.test,page,__tests__/app/feeds/page.test.ts,.ts,65,,"../../../app/feeds/page,../../../lib/network",,next-react,pnpm,75,55,catalog-only,True,none,none,none,"Discovery component for ai; review for shared sitemap, feed, llms, OpenAPI, or metadata generator.","imports:../../../app/feeds/page, ../../../lib/network | discovery-score:55",04126ef7c9f824fd
514abd539c8d401e10f01bfa,mbarbine__platphorm-codex,discovery,discovery,feed,discovery,use-snappy-feedback,use-snappy-feedback,hooks/use-snappy-feedback.ts,.ts,52,useSnappyFeedback,react,react,next-react,pnpm,80,55,catalog-only,True,none,none,none,"Discovery component for discovery; review for shared sitemap, feed, llms, OpenAPI, or metadata generator.",exports:useSnappyFeedback | imports:react | discovery-score:55,dfc0cc64fd2facef
1547e35979c3054a68121444,mbarbine__platphorm-decks,discovery,discovery,discovery-artifact,discovery,manifest,manifest,public/manifest.json,.json,97,,,,next-react,pnpm,55,55,catalog-only,False,none,none,none,"Discovery component for discovery; review for shared sitemap, feed, llms, OpenAPI, or metadata generator.",discovery-score:55,cc607beda37ba323
339745081192690c112d426f,mbarbine__platphorm-evals,discovery,discovery,discovery-artifact,discovery,manifest.test,manifest,tests/manifest.test.ts,.ts,32,,"@/lib/config/service,@/lib/standards/manifest,vitest","@/lib,vitest",next-react,pnpm,65,45,site-specific-or-low-confidence,True,none,none,none,"Discovery component for discovery; review for shared sitemap, feed, llms, OpenAPI, or metadata generator.","imports:@/lib/config/service, @/lib/standards/manifest, vitest | discovery-score:55",d29ef0a26709cff3
8a538dec3888c56082af7d3c,mbarbine__platphorm-insights,discovery,discovery,sitemap,discovery,sitemap_perf.test,sitemap-perf,tests/sitemap_perf.test.ts,.ts,207,MOCK_DOMAINS,vitest,vitest,next-react,pnpm,80,50,catalog-only,True,none,none,none,"Discovery component for discovery; review for shared sitemap, feed, llms, OpenAPI, or metadata generator.",exports:MOCK_DOMAINS | imports:vitest | discovery-score:55,734c70e23adaf065
e13d6a5a55c22b4b621d92e9,mbarbine__platphorm-jobs,discovery,discovery,discovery-artifact,discovery,manifest,manifest,public/manifest.json,.json,22,,,,next-react,pnpm,55,55,catalog-only,True,none,none,none,"Discovery component for discovery; review for shared sitemap, feed, llms, OpenAPI, or metadata generator.",discovery-score:55,694b1c50178848cf
7628233ef939b21213da1743,mbarbine__platphorm-json,discovery,discovery,discovery-artifact,mcp,manifest,manifest,public/manifest.json,.json,43,,,,next-react,pnpm,55,55,catalog-only,True,none,none,none,"Discovery component for mcp; review for shared sitemap, feed, llms, OpenAPI, or metadata generator.",discovery-score:55,315e4bee4a8bac64
5678a9e7e83472896420325e,mbarbine__platphorm-jules,discovery,"discovery,ai",discovery-artifact,mcp,manifest,manifest,public/manifest.json,.json,69,,,,next-react,pnpm,65,55,catalog-only,True,none,none,none,"Discovery component for mcp; review for shared sitemap, feed, llms, OpenAPI, or metadata generator.",discovery-score:55 | ai-score:45,b68a1cf99f43249d
ef0a11480f85654a402c2754,mbarbine__platphorm-mcp,discovery,discovery,sitemap,mcp,sitemap-index.test,sitemap-index,tests/__tests__/sitemap-index.test.ts,.ts,65,MOCK_SITEMAP_INDEX,"@/lib/mcp/sitemap-index,vitest","@/lib,vitest",next-react,pnpm,80,45,site-specific-or-low-confidence,True,none,none,none,"Discovery component for mcp; review for shared sitemap, feed, llms, OpenAPI, or metadata generator.","exports:MOCK_SITEMAP_INDEX | imports:@/lib/mcp/sitemap-index, vitest | discovery-score:55",919f2ec6c6191150
ccff02ac86bc5d97433b293e,mbarbine__platphorm-mini-games-webby,discovery,discovery,discovery-artifact,discovery,manifest,manifest,public/manifest.json,.json,28,,,,next-react,pnpm,55,55,catalog-only,False,none,none,none,"Discovery component for discovery; review for shared sitemap, feed, llms, OpenAPI, or metadata generator.",discovery-score:55,6bc57706b3b0a81d
b1b9dc13c59edba965420516,mbarbine__platphorm-msi-editor,discovery,"discovery,automation",sitemap,ai,sitemap.test,sitemap,app/sitemap.test.ts,.ts,26,,"./sitemap,vitest",vitest,next-react,pnpm,85,55,catalog-only,True,none,secondary,none,"Discovery component for ai; review for shared sitemap, feed, llms, OpenAPI, or metadata generator.","imports:./sitemap, vitest | discovery-score:55 | automation-score:45 | cron-or-schedule",6985c5339d316939
e742b31e9c80f681d563b609,mbarbine__platphorm-msi-editor,discovery,discovery,discovery-artifact,discovery,manifest,manifest,public/manifest.json,.json,71,,,,next-react,pnpm,55,55,catalog-only,True,none,none,none,"Discovery component for discovery; review for shared sitemap, feed, llms, OpenAPI, or metadata generator.",discovery-score:55,1bf814df6297f499
df31ada0a12aeee04d9de7bd,mbarbine__platphorm-openclaw,discovery,discovery,sitemap,ai,sitemap.test,sitemap,tests/sitemap.test.ts,.ts,29,,"@/app/sitemap,vitest","@/app,vitest",next-react,pnpm,65,45,site-specific-or-low-confidence,True,none,none,none,"Discovery component for ai; review for shared sitemap, feed, llms, OpenAPI, or metadata generator.","imports:@/app/sitemap, vitest | discovery-score:55",d5ea52a6a95c90ff
ea0400dc6b2a2872066d8a1f,mbarbine__platphorm-openclaw,discovery,discovery,discovery-artifact,ai,robots.test,robots,tests/robots.test.ts,.ts,27,,"@/app/robots,vitest","@/app,vitest",next-react,pnpm,65,45,site-specific-or-low-confidence,True,none,none,none,"Discovery component for ai; review for shared sitemap, feed, llms, OpenAPI, or metadata generator.","imports:@/app/robots, vitest | discovery-score:55",188d38ae1f94137b
052f80e1a9cc0f2694de64e7,mbarbine__platphorm-opencontent,discovery,discovery,discovery-artifact,discovery,manifest,manifest,public/manifest.json,.json,56,,,,next-react,pnpm,55,55,catalog-only,True,none,none,none,"Discovery component for discovery; review for shared sitemap, feed, llms, OpenAPI, or metadata generator.",discovery-score:55,e01b887eff300be6
faa14a4da3bccac2973d5686,mbarbine__platphorm-opendocs,discovery,discovery,discovery-artifact,mcp,manifest,manifest,public/manifest.json,.json,50,,,,next-react,pnpm,55,55,catalog-only,True,none,none,none,"Discovery component for mcp; review for shared sitemap, feed, llms, OpenAPI, or metadata generator.",discovery-score:55,3f947853ebe0064f
3ee4cc6c61de9a15ad3795c6,mbarbine__platphorm-podcasts,discovery,discovery,feed,discovery,fix-rss-test,fix-rss-test,fix-rss-test.js,.js,15,,fs,fs,next-react,pnpm,65,55,catalog-only,True,none,none,none,"Discovery component for discovery; review for shared sitemap, feed, llms, OpenAPI, or metadata generator.",imports:fs | discovery-score:55,70b9a51219427179
274e7b78e0a88a29bd7b0535,mbarbine__platphorm-podcasts,discovery,discovery,discovery-artifact,discovery,fallback-build-manifest,fallback-build-manifest,.next.preverify-20260419-2027/fallback-build-manifest.json,.json,13,,,,next-react,pnpm,55,55,catalog-only,True,none,none,none,"Discovery component for discovery; review for shared sitemap, feed, llms, OpenAPI, or metadata generator.",discovery-score:55,6938c9320cf6e28f
6d6e422971b998bcb599ae22,mbarbine__platphorm-podcasts,discovery,discovery,discovery-artifact,discovery,build-manifest,build-manifest,.next.preverify-20260419-2027/build-manifest.json,.json,21,,,,next-react,pnpm,55,55,catalog-only,True,none,none,none,"Discovery component for discovery; review for shared sitemap, feed, llms, OpenAPI, or metadata generator.",discovery-score:55,5710386f9b755e01
bd7c89d192b3d63f76c89253,mbarbine__platphorm-podcasts,discovery,discovery,discovery-artifact,discovery,_ssgManifest,ssg-manifest,.next.preverify-20260419-2027/static/EiMx9AF6AWdU1h1xGqzIv/_ssgManifest.js,.js,1,,,,next-react,pnpm,50,50,catalog-only,True,none,none,none,"Discovery component for discovery; review for shared sitemap, feed, llms, OpenAPI, or metadata generator.",discovery-score:55,678f6ce2cb80b1fe
f60320ad913c8208ed877f32,mbarbine__platphorm-podcasts,discovery,discovery,discovery-artifact,ai,_clientMiddlewareManifest,client-middleware-manifest,.next.preverify-20260419-2027/static/EiMx9AF6AWdU1h1xGqzIv/_clientMiddlewareManifest.js,.js,6,,,,next-react,pnpm,50,50,catalog-only,True,none,none,none,"Discovery component for ai; review for shared sitemap, feed, llms, OpenAPI, or metadata generator.",discovery-score:55,dbd41b9cebb7ab75
a4c2d102da2924b005197074,mbarbine__platphorm-podcasts,discovery,discovery,discovery-artifact,discovery,_buildManifest,build-manifest,.next.preverify-20260419-2027/static/EiMx9AF6AWdU1h1xGqzIv/_buildManifest.js,.js,11,,,,next-react,pnpm,55,55,catalog-only,True,none,none,none,"Discovery component for discovery; review for shared sitemap, feed, llms, OpenAPI, or metadata generator.",discovery-score:55,9476e0afd3f9da68
0e99814223b32a95c3764778,mbarbine__platphorm-podcasts,discovery,discovery,discovery-artifact,discovery,manifest,manifest,public/manifest.json,.json,83,,,,next-react,pnpm,55,55,catalog-only,True,none,none,none,"Discovery component for discovery; review for shared sitemap, feed, llms, OpenAPI, or metadata generator.",discovery-score:55,34ccfabaff3d1351
c60cab55ddb72add6942c244,mbarbine__platphorm-podcasts,discovery,discovery,feed,discovery,parse-rss.test,parse-rss,__tests__/parse-rss.test.ts,.ts,152,,"../lib/podcast/parse-rss,vitest",vitest,next-react,pnpm,65,55,catalog-only,True,none,none,none,"Discovery component for discovery; review for shared sitemap, feed, llms, OpenAPI, or metadata generator.","imports:../lib/podcast/parse-rss, vitest | discovery-score:55",5bf8af37f707891f
f6b03ccc0df6fa43b05f5a7a,mbarbine__platphorm-polymarket-rss-feed,discovery,discovery,feed,discovery,feed-generators.test,feed-generators,tests/unit/feed-generators.test.ts,.ts,51,,"@/lib/atom-generator,@/lib/polymarket-api,@/lib/rss-generator,vitest","@/lib,vitest",next-react,pnpm,65,45,site-specific-or-low-confidence,True,none,none,none,"Discovery component for discovery; review for shared sitemap, feed, llms, OpenAPI, or metadata generator.","imports:@/lib/atom-generator, @/lib/polymarket-api, @/lib/rss-generator, vitest | discovery-score:55",eb859b731320b2ab
a60ddc15d13e132c5123d173,mbarbine__platphorm-polymarket-rss-feed,discovery,discovery,feed,discovery,rss-generator.test,rss-generator,tests/unit/rss-generator.test.ts,.ts,81,"DEFAULT_OPTIONS,SAFE_FIXTURES","../msw/fixtures,@/lib/rss-generator,vitest","@/lib,vitest",next-react,pnpm,80,45,site-specific-or-low-confidence,True,none,none,none,"Discovery component for discovery; review for shared sitemap, feed, llms, OpenAPI, or metadata generator.","exports:DEFAULT_OPTIONS, SAFE_FIXTURES | imports:../msw/fixtures, @/lib/rss-generator, vitest | discovery-score:55",1618515e4a03277f
f60bc8ae798c5a3cafa44d55,mbarbine__platphorm-quake,discovery,discovery,discovery-artifact,discovery,manifest,manifest,public/manifest.json,.json,19,,,,next-react,pnpm,55,55,catalog-only,False,none,none,none,"Discovery component for discovery; review for shared sitemap, feed, llms, OpenAPI, or metadata generator.",discovery-score:55,c434a0de69614c4a
d285acde4f62a2b1a12290c5,mbarbine__platphorm-quake,discovery,discovery,discovery-artifact,ai,robots.test,robots,__tests__/app/robots.test.ts,.ts,29,,@/app/robots,@/app,next-react,pnpm,75,45,site-specific-or-low-confidence,False,none,none,none,"Discovery component for ai; review for shared sitemap, feed, llms, OpenAPI, or metadata generator.",imports:@/app/robots | discovery-score:55 | model-provider,251cc719c232908c
cbde4a76492473b792a97fe2,mbarbine__platphorm-reader,discovery,discovery,discovery-artifact,discovery,manifest,manifest,public/manifest.json,.json,132,,,,next-react,pnpm,55,55,catalog-only,True,none,none,none,"Discovery component for discovery; review for shared sitemap, feed, llms, OpenAPI, or metadata generator.",discovery-score:55,3e39b09d48699b1e
84be3ae42c393c6c85ba5774,mbarbine__platphorm-real-estate-NAD,discovery,discovery,sitemap,discovery,sitemap.test,sitemap,__tests__/sitemap.test.ts,.ts,12,,"../app/sitemap,vitest",vitest,next-react,pnpm,65,55,catalog-only,False,none,none,none,"Discovery component for discovery; review for shared sitemap, feed, llms, OpenAPI, or metadata generator.","imports:../app/sitemap, vitest | discovery-score:55",3b1a7d7cbe282d98
e44095a1dcd4315ca966cffa,mbarbine__platphorm-real-estate-property-evaluation,discovery,discovery,llms-discovery,ai,llms-index,llms-index,public/llms-index.json,.json,9,,,,next-react,pnpm,50,50,catalog-only,True,none,none,none,"Discovery component for ai; review for shared sitemap, feed, llms, OpenAPI, or metadata generator.",discovery-score:55,fc0f4387ccdaf73a
c020f042e7cacceba7bf666a,mbarbine__platphorm-real-estate-property-evaluation,discovery,discovery,discovery-artifact,mcp,network.manifest,network-manifest,public/.well-known/network.manifest.json,.json,12,,,,next-react,pnpm,55,55,catalog-only,True,none,none,none,"Discovery component for mcp; review for shared sitemap, feed, llms, OpenAPI, or metadata generator.",discovery-score:55,e5b4cc4dbb720ecb
2c1308c71ffc96e732741fd9,mbarbine__platphorm-sheets,discovery,discovery,discovery-artifact,discovery,manifest,manifest,public/manifest.json,.json,21,,,,next-react,pnpm,55,55,catalog-only,False,none,none,none,"Discovery component for discovery; review for shared sitemap, feed, llms, OpenAPI, or metadata generator.",discovery-score:55,40b7f33929e72536
fa00793de14b76644d981c2a,mbarbine__platphorm-signs,discovery,discovery,discovery-artifact,discovery,manifest,manifest,public/manifest.json,.json,27,,,,next-react,pnpm,55,55,catalog-only,False,none,none,none,"Discovery component for discovery; review for shared sitemap, feed, llms, OpenAPI, or metadata generator.",discovery-score:55,3b24ab54e1a4a606
1734c048f6590b0093cff069,mbarbine__platphorm-usl,discovery,discovery,discovery-artifact,discovery,manifest,manifest,public/manifest.json,.json,31,,,,next-react,pnpm,55,55,catalog-only,False,none,none,none,"Discovery component for discovery; review for shared sitemap, feed, llms, OpenAPI, or metadata generator.",discovery-score:55,d4025e0938a76f0a
10d1df5b5381d859cffa3a01,mbarbine__platphorm-wrestling-webby,discovery,discovery,sitemap,ai,sitemap.test,sitemap,__tests__/sitemap.test.ts,.ts,57,,"../app/sitemap,fs/promises,vitest","fs,vitest",next-react,pnpm,65,55,catalog-only,False,none,none,none,"Discovery component for ai; review for shared sitemap, feed, llms, OpenAPI, or metadata generator.","imports:../app/sitemap, fs/promises, vitest | discovery-score:55",4bc33c725af82f72
657f0d85d4d831bafc78f059,mbarbine__platphorm-xml,discovery,discovery,discovery-artifact,discovery,manifest,manifest,public/manifest.json,.json,39,,,,next-react,pnpm,55,55,catalog-only,True,none,none,none,"Discovery component for discovery; review for shared sitemap, feed, llms, OpenAPI, or metadata generator.",discovery-score:55,1e341e8926d6e329
6ff19a16642becc0ba34839e,mbarbine__stripper-mug-webby,discovery,discovery,discovery-artifact,discovery,manifest,manifest,app/manifest.json,.json,58,,,,next-react,pnpm,65,55,catalog-only,False,none,none,none,"Discovery component for discovery; review for shared sitemap, feed, llms, OpenAPI, or metadata generator.",discovery-score:55,27485bb850158850
b5e608dae92f0e9b60a2235e,mbarbine__two-doller-web,discovery,discovery,discovery-artifact,discovery,manifest,manifest,public/manifest.json,.json,40,,,,next-react,pnpm,55,55,catalog-only,True,none,none,none,"Discovery component for discovery; review for shared sitemap, feed, llms, OpenAPI, or metadata generator.",discovery-score:55,7fe4010ba6adbdc7
146958c305072d6d27a621d1,mbarbine__vanagain-site,discovery,discovery,discovery-artifact,discovery,manifest,manifest,%PUBLIC_URL%/manifest.json,.json,0,,,,unknown,unknown,50,50,catalog-only,False,none,none,none,"Discovery component for discovery; review for shared sitemap, feed, llms, OpenAPI, or metadata generator.",discovery-score:55,c77c4ca4e555c8d9
6d6633e4a09c31dd159b36c7,mbarbine__vanagon-website,discovery,discovery,discovery-artifact,discovery,manifest,manifest,public/manifest.json,.json,30,,,,next-react,unknown,55,55,catalog-only,False,none,none,none,"Discovery component for discovery; review for shared sitemap, feed, llms, OpenAPI, or metadata generator.",discovery-score:55,6fb2a376bdbfb9bb
a830ab0437ac7482a07e27fb,mbarbine__xsociety,discovery,discovery,discovery-artifact,seo-and-metadata,metadata,metadata,pipeline/cookbooks/build-essential/metadata.json,.json,43,,,,unknown,python,55,55,catalog-only,False,none,none,none,"Discovery component for seo-and-metadata; review for shared sitemap, feed, llms, OpenAPI, or metadata generator.",discovery-score:55,ebe357d5204457e7
