repo,path,remote_url,current_branch,current_commit,package_manager,primary_language_hint,has_package_json,has_next_config,has_vercel_config,has_dockerfile,has_github_workflows,has_tests,file_count,relevant_file_count
mbarbine__2025-year-in-review-webby,/Users/bwm.barbinewarnermichael/Documents/github/repositories/github-recent/mbarbine__2025-year-in-review-webby,git@github.com:mbarbine/2025-year-in-review-webby.git,main,1c3e4303bf40698b84aad1a99ad95c8f70651a2d,pnpm,typescript-react,True,True,False,False,False,True,87,77
mbarbine__DCF-Audit-Scripts,/Users/bwm.barbinewarnermichael/Documents/github/repositories/github-recent/mbarbine__DCF-Audit-Scripts,git@github.com:mbarbine/DCF-Audit-Scripts.git,main,ff7ab27aec7bf0bcc50a7e21269e187fc4062ea3,unknown,unknown,False,False,False,False,False,False,7,7
mbarbine__FlaskFlow-www,/Users/bwm.barbinewarnermichael/Documents/github/repositories/github-recent/mbarbine__FlaskFlow-www,git@github.com:mbarbine/FlaskFlow-www.git,main,5e298847c50d9aa4a2194f5955f211edaf346e46,pnpm,typescript-react,True,True,False,False,False,True,88,37
mbarbine__JenkinsDB,/Users/bwm.barbinewarnermichael/Documents/github/repositories/github-recent/mbarbine__JenkinsDB,git@github.com:mbarbine/JenkinsDB.git,1.0,6a7ac8f04b37e20da927cbba369b268acbfb1b52,unknown,unknown,False,False,False,False,False,True,35,12
mbarbine__Joshs-magnets-landing-page,/Users/bwm.barbinewarnermichael/Documents/github/repositories/github-recent/mbarbine__Joshs-magnets-landing-page,git@github.com:mbarbine/Joshs-magnets-landing-page.git,main,dfeb5b0346d5c5c29e7980d7f21c77d014902371,pnpm,typescript-react,True,True,False,False,False,True,105,87
mbarbine__LogSlash-w6,/Users/bwm.barbinewarnermichael/Documents/github/repositories/github-recent/mbarbine__LogSlash-w6,git@github.com:mbarbine/LogSlash-w6.git,main,eb5667d20fb5c9e09c378239ae7c97957c96c5bb,pnpm,typescript-react,True,True,False,False,False,False,49,32
mbarbine__PH3AR-WEBBY,/Users/bwm.barbinewarnermichael/Documents/github/repositories/github-recent/mbarbine__PH3AR-WEBBY,git@github.com:mbarbine/PH3AR-WEBBY.git,main,ff2ad9b5c4d2140010469d6727e8854143d0b797,bun,typescript,True,False,False,False,False,True,121,76
mbarbine__Scripts,/Users/bwm.barbinewarnermichael/Documents/github/repositories/github-recent/mbarbine__Scripts,git@github.com:mbarbine/Scripts.git,master,40daa455c6d5e90fede6a95bd9567b2baac31493,unknown,javascript,False,False,False,False,False,True,19153,4962
mbarbine__Starphone-CMS,/Users/bwm.barbinewarnermichael/Documents/github/repositories/github-recent/mbarbine__Starphone-CMS,git@github.com:mbarbine/Starphone-CMS.git,jules-843244230259235722-982837fc,d3704f4ebdd686288fec7537e18b26b71c759bc1,unknown,unknown,True,False,False,False,False,False,2,2
mbarbine__ai-chat-interface-webby,/Users/bwm.barbinewarnermichael/Documents/github/repositories/github-recent/mbarbine__ai-chat-interface-webby,git@github.com:mbarbine/ai-chat-interface-webby.git,main,fbb2fa77a6b040573240bdcc1b154a036b7777c5,pnpm,typescript-react,True,True,False,False,False,True,101,91
mbarbine__airrow-commuter-balloon,/Users/bwm.barbinewarnermichael/Documents/github/repositories/github-recent/mbarbine__airrow-commuter-balloon,git@github.com:mbarbine/airrow-commuter-balloon.git,main,788a14e705cc82b774c30ae17a062adbaf469a60,pnpm,typescript-react,True,True,False,False,False,True,85,67
mbarbine__autographed-bibles-webby,/Users/bwm.barbinewarnermichael/Documents/github/repositories/github-recent/mbarbine__autographed-bibles-webby,git@github.com:mbarbine/autographed-bibles-webby.git,main,83f8f47a53cf162d6ccd77aac50ae334be2dbfeb,pnpm,typescript-react,True,True,False,False,False,True,171,147
mbarbine__automotive-flamethrower-webby,/Users/bwm.barbinewarnermichael/Documents/github/repositories/github-recent/mbarbine__automotive-flamethrower-webby,git@github.com:mbarbine/automotive-flamethrower-webby.git,main,3fe387c90e47568ee6c7a742ea7a2f5b1e9a58dc,pnpm,typescript-react,True,True,False,False,False,True,128,109
mbarbine__aws-lab,/Users/bwm.barbinewarnermichael/Documents/github/repositories/github-recent/mbarbine__aws-lab,git@github.com:mbarbine/aws-lab.git,main,2e1ec0c0654b7037fdc19447688d94fd625d3bfc,unknown,javascript,False,False,False,False,True,True,54,30
mbarbine__aws-next-k8-cluster-deploy,/Users/bwm.barbinewarnermichael/Documents/github/repositories/github-recent/mbarbine__aws-next-k8-cluster-deploy,git@github.com:mbarbine/aws-next-k8-cluster-deploy.git,main,365297eb1e76b971ae52c83aa1080d43a83e9579,unknown,unknown,False,False,False,True,False,False,86,36
mbarbine__barbine-worldwide-2025-wwww,/Users/bwm.barbinewarnermichael/Documents/github/repositories/github-recent/mbarbine__barbine-worldwide-2025-wwww,git@github.com:mbarbine/barbine-worldwide-2025-wwww.git,main,b6f6b7a3b27eeef7c85a524d4115df27d97e9687,pnpm,typescript-react,True,True,False,False,False,False,52,46
mbarbine__barbineworldwide-2026-metahack,/Users/bwm.barbinewarnermichael/Documents/github/repositories/github-recent/mbarbine__barbineworldwide-2026-metahack,git@github.com:mbarbine/barbineworldwide-2026-metahack.git,main,1a53f1bf3d623796bf76dae7bdcbec9bbea65de4,pnpm,typescript-react,True,True,False,False,False,True,203,183
mbarbine__beepboopprocess,/Users/bwm.barbinewarnermichael/Documents/github/repositories/github-recent/mbarbine__beepboopprocess,git@github.com:mbarbine/beepboopprocess.git,master,bf3234e3af177c9142c767a584656f9ce8ce1cd7,unknown,unknown,False,False,False,False,False,False,5,5
mbarbine__beer-museum-manager-www,/Users/bwm.barbinewarnermichael/Documents/github/repositories/github-recent/mbarbine__beer-museum-manager-www,git@github.com:mbarbine/beer-museum-manager-www.git,main,878d2b886238de212cabf1e7cb63fb632a68bd49,pnpm,typescript-react,True,True,False,False,False,True,243,185
mbarbine__biocyber-xr-training-nasa-webby-v0,/Users/bwm.barbinewarnermichael/Documents/github/repositories/github-recent/mbarbine__biocyber-xr-training-nasa-webby-v0,git@github.com:mbarbine/biocyber-xr-training-nasa-webby-v0.git,main,5470e16ab8dd91eddb8f813f84c8490c02ab2337,pnpm,typescript-react,True,True,False,False,False,False,32,18
mbarbine__burrito-dealer-www,/Users/bwm.barbinewarnermichael/Documents/github/repositories/github-recent/mbarbine__burrito-dealer-www,git@github.com:mbarbine/burrito-dealer-www.git,main,dcef18d58702d1d43ac4b7cf0b028435a55e487a,pnpm,typescript-react,True,True,False,False,True,True,122,104
mbarbine__calendar-app-webby,/Users/bwm.barbinewarnermichael/Documents/github/repositories/github-recent/mbarbine__calendar-app-webby,git@github.com:mbarbine/calendar-app-webby.git,main,6cdb6a6c765b6cbf3dfd8172312a46ab9ce72346,pnpm,typescript,True,True,False,True,True,True,271,256
mbarbine__car-service-records,/Users/bwm.barbinewarnermichael/Documents/github/repositories/github-recent/mbarbine__car-service-records,git@github.com:mbarbine/car-service-records.git,main,236f33ab8a9c64cc70f64d3da0907c05ad52f7e8,pnpm,typescript-react,True,True,False,False,False,True,152,142
mbarbine__cdf-sanitize,/Users/bwm.barbinewarnermichael/Documents/github/repositories/github-recent/mbarbine__cdf-sanitize,git@github.com:mbarbine/cdf-sanitize.git,main,3a874e4cf8ac77d02f6374fa04668180201aa94b,python,python,False,False,False,True,True,True,28,16
mbarbine__chrome-shortcuts,/Users/bwm.barbinewarnermichael/Documents/github/repositories/github-recent/mbarbine__chrome-shortcuts,git@github.com:mbarbine/chrome-shortcuts.git,main,94fe074a05826df86f0d8a3abf19221688b8d804,unknown,javascript,False,False,False,False,False,False,1,1
mbarbine__civic-engagement-platform-webby,/Users/bwm.barbinewarnermichael/Documents/github/repositories/github-recent/mbarbine__civic-engagement-platform-webby,git@github.com:mbarbine/civic-engagement-platform-webby.git,main,321367f9de66240af75f3e183a9131b0a188fad1,pnpm,typescript-react,True,True,False,False,False,True,135,115
mbarbine__crafted-virginia-website,/Users/bwm.barbinewarnermichael/Documents/github/repositories/github-recent/mbarbine__crafted-virginia-website,git@github.com:mbarbine/crafted-virginia-website.git,main,9827530b03f7243a59e2b62f165f61ad22836a62,pnpm,typescript-react,True,True,False,False,False,True,120,86
mbarbine__desert-bus,/Users/bwm.barbinewarnermichael/Documents/github/repositories/github-recent/mbarbine__desert-bus,git@github.com:mbarbine/desert-bus.git,main,389dc1369024135851cc97e74bbdcbe3f6c5a355,pnpm,typescript-react,True,True,True,True,False,True,253,226
mbarbine__dinoblocks-www,/Users/bwm.barbinewarnermichael/Documents/github/repositories/github-recent/mbarbine__dinoblocks-www,git@github.com:mbarbine/dinoblocks-www.git,main,fbdc30a10d5e51abe386252eb5dba604c1281d84,pnpm,typescript-react,True,True,False,False,False,False,32,18
mbarbine__docker-terraform-aws-demo,/Users/bwm.barbinewarnermichael/Documents/github/repositories/github-recent/mbarbine__docker-terraform-aws-demo,git@github.com:mbarbine/docker-terraform-aws-demo.git,main,0eadf11b70911c088377ee422bba672391c7f70f,unknown,unknown,False,False,False,True,False,False,30,6
mbarbine__doflo-clone,/Users/bwm.barbinewarnermichael/Documents/github/repositories/github-recent/mbarbine__doflo-clone,git@github.com:mbarbine/doflo-clone.git,main,50d6297e4985722b6b971fdbe2617b7b870936f3,pnpm,typescript-react,True,True,False,False,False,False,62,54
mbarbine__dogstar-cybernetics-webby,/Users/bwm.barbinewarnermichael/Documents/github/repositories/github-recent/mbarbine__dogstar-cybernetics-webby,git@github.com:mbarbine/dogstar-cybernetics-webby.git,main,703968fbcdf1ed0de2dcc40797109bbed90281d4,pnpm,typescript-react,True,True,False,False,False,True,106,90
mbarbine__drone-reel-webby,/Users/bwm.barbinewarnermichael/Documents/github/repositories/github-recent/mbarbine__drone-reel-webby,git@github.com:mbarbine/drone-reel-webby.git,main,cdd90d6f2bdf44783d6cea113c365f3af333d4cb,pnpm,typescript-react,True,True,True,False,False,True,134,119
mbarbine__email-reading-service-webby,/Users/bwm.barbinewarnermichael/Documents/github/repositories/github-recent/mbarbine__email-reading-service-webby,git@github.com:mbarbine/email-reading-service-webby.git,main,613768b04709c64a51401fc9a0632d79eb0910b2,npm,typescript-react,True,True,False,False,False,True,95,84
mbarbine__evernote-js,/Users/bwm.barbinewarnermichael/Documents/github/repositories/github-recent/mbarbine__evernote-js,git@github.com:mbarbine/evernote-js.git,main,a6ebf2267852c230a3b39338e47a595a046a9127,pnpm,typescript-react,True,False,False,False,False,False,22,17
mbarbine__fashion-sadiepass-WWW,/Users/bwm.barbinewarnermichael/Documents/github/repositories/github-recent/mbarbine__fashion-sadiepass-WWW,git@github.com:mbarbine/fashion-sadiepass-WWW.git,main,f49a4a8e63458b4007260712d92226fcc85a76a1,pnpm,typescript-react,True,True,False,False,False,True,179,130
mbarbine__fortune-cookie-webby,/Users/bwm.barbinewarnermichael/Documents/github/repositories/github-recent/mbarbine__fortune-cookie-webby,git@github.com:mbarbine/fortune-cookie-webby.git,main,817b26059e1242da1b2d1451d5f0237a45f763f1,pnpm,typescript-react,True,True,False,False,False,True,75,69
mbarbine__fortune-cookie-webby-yj,/Users/bwm.barbinewarnermichael/Documents/github/repositories/github-recent/mbarbine__fortune-cookie-webby-yj,git@github.com:mbarbine/fortune-cookie-webby-yj.git,main,097c886023f2faf02c11556ef67d5044bd8edc98,pnpm,typescript,True,True,True,True,True,True,222,207
mbarbine__foxio-labs,/Users/bwm.barbinewarnermichael/Documents/github/repositories/github-recent/mbarbine__foxio-labs,git@github.com:mbarbine/foxio-labs.git,main,0c9154ef3e2386310cba65fc42d366315258b480,unknown,javascript,False,True,False,False,False,True,163,144
mbarbine__front-runners-webby,/Users/bwm.barbinewarnermichael/Documents/github/repositories/github-recent/mbarbine__front-runners-webby,git@github.com:mbarbine/front-runners-webby.git,main,3a4c2112a59a2ef09a2afec97691be7b5a0a6917,pnpm,typescript-react,True,True,True,False,False,True,79,54
mbarbine__game-porting-service-webby,/Users/bwm.barbinewarnermichael/Documents/github/repositories/github-recent/mbarbine__game-porting-service-webby,git@github.com:mbarbine/game-porting-service-webby.git,main,bca98cfe1891da429c603c4796e57e879099dbbf,pnpm,typescript-react,True,True,False,False,False,True,135,121
mbarbine__gamer,/Users/bwm.barbinewarnermichael/Documents/github/repositories/github-recent/mbarbine__gamer,git@github.com:mbarbine/gamer.git,main,184a1208f6598140aec88a247c0548ae6f10e2c7,pnpm,typescript-react,True,True,False,False,False,False,35,29
mbarbine__glass-blowing-website,/Users/bwm.barbinewarnermichael/Documents/github/repositories/github-recent/mbarbine__glass-blowing-website,git@github.com:mbarbine/glass-blowing-website.git,main,7d2646c0ba9789f22d866fd5e02d74b206991bd5,pnpm,typescript-react,True,True,False,False,False,True,47,26
mbarbine__global-anti-globalist-club-webby,/Users/bwm.barbinewarnermichael/Documents/github/repositories/github-recent/mbarbine__global-anti-globalist-club-webby,git@github.com:mbarbine/global-anti-globalist-club-webby.git,main,1b28b71a1e20cdd5a7801fc636790d6181ae5373,pnpm,typescript-react,True,True,False,False,False,False,53,32
mbarbine__gta-6-countdown-webby,/Users/bwm.barbinewarnermichael/Documents/github/repositories/github-recent/mbarbine__gta-6-countdown-webby,git@github.com:mbarbine/gta-6-countdown-webby.git,main,0f16dd4e22ce8c62c60bf0ea6264d5b8666d37ff,pnpm,typescript,True,True,False,False,False,True,90,80
mbarbine__hot-chocolate-for-profit-webby,/Users/bwm.barbinewarnermichael/Documents/github/repositories/github-recent/mbarbine__hot-chocolate-for-profit-webby,git@github.com:mbarbine/hot-chocolate-for-profit-webby.git,main,3ed1bc47f4102e0c6791ba5c9e37a560a296d52d,pnpm,typescript-react,True,True,False,False,False,True,161,140
mbarbine__instant-snap-postcard,/Users/bwm.barbinewarnermichael/Documents/github/repositories/github-recent/mbarbine__instant-snap-postcard,git@github.com:mbarbine/instant-snap-postcard.git,main,883f44bb4b1cad8cdd073acc3b11342559438a72,npm,typescript-react,True,False,False,False,False,True,89,81
mbarbine__ja4-sidecar,/Users/bwm.barbinewarnermichael/Documents/github/repositories/github-recent/mbarbine__ja4-sidecar,git@github.com:mbarbine/ja4-sidecar.git,main,ec004b476d39d34f5d5aeb73834206133b8ebe12,unknown,javascript,False,False,False,False,False,True,157,103
mbarbine__ja4-vercel-lab-2,/Users/bwm.barbinewarnermichael/Documents/github/repositories/github-recent/mbarbine__ja4-vercel-lab-2,git@github.com:mbarbine/ja4-vercel-lab-2.git,main,0a7e80b7428895ace35d3217032e42d5a75d42dd,pnpm,javascript,True,True,False,False,False,True,44,32
mbarbine__ja4mlab,/Users/bwm.barbinewarnermichael/Documents/github/repositories/github-recent/mbarbine__ja4mlab,git@github.com:mbarbine/ja4mlab.git,main,37587dab12e9e017b190bb1fa01b989b1633ca59,python,typescript,False,False,False,False,False,True,453,415
mbarbine__jaydens-therapy-legal-www,/Users/bwm.barbinewarnermichael/Documents/github/repositories/github-recent/mbarbine__jaydens-therapy-legal-www,git@github.com:mbarbine/jaydens-therapy-legal-www.git,main,ecc6d1f27f4900bcbf81fdd4b308545a7e2fd8bf,pnpm,typescript-react,True,True,False,False,False,False,33,25
mbarbine__job-manager,/Users/bwm.barbinewarnermichael/Documents/github/repositories/github-recent/mbarbine__job-manager,git@github.com:mbarbine/job-manager.git,main,e9094efb8847af93ae5e58a52d6495ec10ed7491,npm,javascript,True,False,False,False,True,True,90,76
mbarbine__jts-hvac-gates-www,/Users/bwm.barbinewarnermichael/Documents/github/repositories/github-recent/mbarbine__jts-hvac-gates-www,git@github.com:mbarbine/jts-hvac-gates-www.git,main,9fb285f626cf4ff708654b40f7c10234fb4a1580,pnpm,typescript-react,True,True,False,False,False,False,33,24
mbarbine__legacy-platphorm-news,/Users/bwm.barbinewarnermichael/Documents/github/repositories/github-recent/mbarbine__legacy-platphorm-news,git@github.com:mbarbine/legacy-platphorm-news.git,main,4d81e9e93ceb62dc26af3829da8d782aad0a2734,unknown,svelte,True,False,False,True,True,True,137,112
mbarbine__lettuce,/Users/bwm.barbinewarnermichael/Documents/github/repositories/github-recent/mbarbine__lettuce,git@github.com:mbarbine/lettuce.git,main,81a94bbf9703ede1b29108078974b174cdebaea2,cargo,rust,False,False,False,False,True,True,55,48
mbarbine__mailthing,/Users/bwm.barbinewarnermichael/Documents/github/repositories/github-recent/mbarbine__mailthing,git@github.com:mbarbine/mailthing.git,main,388df8034952b2d087110794077bf4a815138b4c,unknown,typescript,True,False,False,False,False,False,19,17
mbarbine__mailthing-api,/Users/bwm.barbinewarnermichael/Documents/github/repositories/github-recent/mbarbine__mailthing-api,git@github.com:mbarbine/mailthing-api.git,main,df0181d6c5874ef9683213b39619f272c5742ab2,pnpm,typescript,True,True,False,False,False,False,45,35
mbarbine__mailthing-client,/Users/bwm.barbinewarnermichael/Documents/github/repositories/github-recent/mbarbine__mailthing-client,git@github.com:mbarbine/mailthing-client.git,main,38c220bc48c81d576113e29e22f5384981a65e52,pnpm,typescript-react,True,False,False,False,False,True,55,41
mbarbine__mailthing-main,/Users/bwm.barbinewarnermichael/Documents/github/repositories/github-recent/mbarbine__mailthing-main,git@github.com:mbarbine/mailthing-main.git,main,37e969e415ee338476a47363cca20b4d4f48cf9d,pnpm,typescript-react,True,False,False,False,False,False,129,111
mbarbine__mermaid-community-platform,/Users/bwm.barbinewarnermichael/Documents/github/repositories/github-recent/mbarbine__mermaid-community-platform,git@github.com:mbarbine/mermaid-community-platform.git,main,6de070250c14e3910aeb43878f500697eab225a8,pnpm,typescript-react,True,True,False,False,False,False,77,63
mbarbine__mermaid-next-www,/Users/bwm.barbinewarnermichael/Documents/github/repositories/github-recent/mbarbine__mermaid-next-www,git@github.com:mbarbine/mermaid-next-www.git,main,468e7f9b33f157c37e063b96ba0d477cea3c0c4a,yarn,typescript-react,True,True,False,False,False,True,116,48
mbarbine__microwave-sticker-webby,/Users/bwm.barbinewarnermichael/Documents/github/repositories/github-recent/mbarbine__microwave-sticker-webby,git@github.com:mbarbine/microwave-sticker-webby.git,main,2fc55cc3623dbcac82486865fc59375ad3522a7c,npm,typescript-react,True,True,False,False,False,True,141,130
mbarbine__microwave-stickers-,/Users/bwm.barbinewarnermichael/Documents/github/repositories/github-recent/mbarbine__microwave-stickers-,git@github.com:mbarbine/microwave-stickers-.git,main,a47ed97ccca09b91a32154532d6e0ebf2e3c5a5c,pnpm,typescript-react,True,True,False,False,False,True,84,70
mbarbine__msicrafter,/Users/bwm.barbinewarnermichael/Documents/github/repositories/github-recent/mbarbine__msicrafter,git@github.com:mbarbine/msicrafter.git,main,bda855ebbf704648deff5b97ff09d760967074ae,go,go,False,False,False,False,True,False,22,17
mbarbine__multiplayer-puzzle-game,/Users/bwm.barbinewarnermichael/Documents/github/repositories/github-recent/mbarbine__multiplayer-puzzle-game,git@github.com:mbarbine/multiplayer-puzzle-game.git,main,3480267790ed916ed1294ab06d5451649de2bbec,pnpm,typescript-react,True,True,False,False,False,True,109,96
mbarbine__my-first-nova-hbackers-preseo,/Users/bwm.barbinewarnermichael/Documents/github/repositories/github-recent/mbarbine__my-first-nova-hbackers-preseo,git@github.com:mbarbine/my-first-nova-hbackers-preseo.git,main,1d5914baef3dcd0b174cb586739135d9dc469b04,pnpm,typescript,True,True,False,False,False,True,38,32
mbarbine__n8n,/Users/bwm.barbinewarnermichael/Documents/github/repositories/github-recent/mbarbine__n8n,git@github.com:mbarbine/n8n.git,main,6888cdd709fe9055efa126f98ad7a40d8967067c,unknown,vue,False,False,False,False,True,False,1626,51
mbarbine__news-api,/Users/bwm.barbinewarnermichael/Documents/github/repositories/github-recent/mbarbine__news-api,git@github.com:mbarbine/news-api.git,main,a01353a1b0eddda7101b5ed1b48d6c89ea9ccc25,pnpm,svelte,True,False,False,False,False,True,159,109
mbarbine__nextjs-ai-4,/Users/bwm.barbinewarnermichael/Documents/github/repositories/github-recent/mbarbine__nextjs-ai-4,git@github.com:mbarbine/nextjs-ai-4.git,main,305131e2c1619dd2fcf2d1b0421a92b89010eab7,pnpm,typescript-react,True,True,False,False,False,False,140,124
mbarbine__nextjs-ai-chatbot,/Users/bwm.barbinewarnermichael/Documents/github/repositories/github-recent/mbarbine__nextjs-ai-chatbot,git@github.com:mbarbine/nextjs-ai-chatbot.git,main,dfc4f288a61d6c2f1dd32e02c35a52c3fd9d575d,pnpm,typescript-react,True,True,False,False,False,False,128,113
mbarbine__nova-hackers-webby,/Users/bwm.barbinewarnermichael/Documents/github/repositories/github-recent/mbarbine__nova-hackers-webby,git@github.com:mbarbine/nova-hackers-webby.git,main,eda3a1869e53e7d4d3f1690690e972d9e7b94d5c,pnpm,typescript-react,True,True,False,False,False,True,89,79
mbarbine__nuclear-power-plant-webby-NPaaS,/Users/bwm.barbinewarnermichael/Documents/github/repositories/github-recent/mbarbine__nuclear-power-plant-webby-NPaaS,git@github.com:mbarbine/nuclear-power-plant-webby-NPaaS.git,main,0e6d30fda3879c2d4f729d6bffbbeaea598ab8f1,pnpm,typescript-react,True,True,False,False,False,True,76,64
mbarbine__onboard-platphorm-boilerplate-repo,/Users/bwm.barbinewarnermichael/Documents/github/repositories/github-recent/mbarbine__onboard-platphorm-boilerplate-repo,git@github.com:mbarbine/onboard-platphorm-boilerplate-repo.git,main,497e4f621238a799e8443406fb6bf4fc3dec6ba2,pnpm,typescript,True,True,True,True,False,True,245,227
mbarbine__ph3ar-admin-dashboard,/Users/bwm.barbinewarnermichael/Documents/github/repositories/github-recent/mbarbine__ph3ar-admin-dashboard,git@github.com:mbarbine/ph3ar-admin-dashboard.git,main,bb85616340b2a8e3931d0b7009dcb785f61b5248,pnpm,typescript-react,True,True,False,False,False,True,58,54
mbarbine__ph3ar-blog,/Users/bwm.barbinewarnermichael/Documents/github/repositories/github-recent/mbarbine__ph3ar-blog,git@github.com:mbarbine/ph3ar-blog.git,main,fdce595dc405ec31f131a814e68eaf08d978e4d7,pnpm,typescript-react,True,True,True,False,True,False,134,88
mbarbine__ph3ar-chatbot,/Users/bwm.barbinewarnermichael/Documents/github/repositories/github-recent/mbarbine__ph3ar-chatbot,git@github.com:mbarbine/ph3ar-chatbot.git,main,2034051403cba2728e0233f28693b8331b553fa1,pnpm,typescript-react,True,True,False,False,False,True,158,143
mbarbine__ph3ar-web,/Users/bwm.barbinewarnermichael/Documents/github/repositories/github-recent/mbarbine__ph3ar-web,git@github.com:mbarbine/ph3ar-web.git,main,afe5aa015dfa3944ffafa1c6d4b7a3e0b4595ac8,npm,javascript,True,False,False,True,True,False,49,25
mbarbine__platphorm-404,/Users/bwm.barbinewarnermichael/Documents/github/repositories/github-recent/mbarbine__platphorm-404,git@github.com:mbarbine/platphorm-404.git,main,caa7d96c158739a940ea24409b816d79db81a312,pnpm,typescript-react,True,True,True,True,False,True,190,178
mbarbine__platphorm-agentui,/Users/bwm.barbinewarnermichael/Documents/github/repositories/github-recent/mbarbine__platphorm-agentui,git@github.com:mbarbine/platphorm-agentui.git,main,8a456c50d2bf876e1d642dfc8563a5401522582d,pnpm,typescript,True,True,False,False,False,True,230,220
mbarbine__platphorm-ai-photo-enrichment,/Users/bwm.barbinewarnermichael/Documents/github/repositories/github-recent/mbarbine__platphorm-ai-photo-enrichment,git@github.com:mbarbine/platphorm-ai-photo-enrichment.git,main,9af89410401113d092a35ea0ab511d90e80bdc48,pnpm,typescript-react,True,True,False,False,False,True,91,76
mbarbine__platphorm-alleycats,/Users/bwm.barbinewarnermichael/Documents/github/repositories/github-recent/mbarbine__platphorm-alleycats,git@github.com:mbarbine/platphorm-alleycats.git,main,fd1b3258cdfee8cec4a75a3e11acba5d4147d536,pnpm,typescript-react,True,True,False,False,False,True,138,115
mbarbine__platphorm-ascii,/Users/bwm.barbinewarnermichael/Documents/github/repositories/github-recent/mbarbine__platphorm-ascii,git@github.com:mbarbine/platphorm-ascii.git,main,232ec7d23534e99f7030a3c3305e45ed46645435,pnpm,typescript-react,True,True,False,False,False,True,161,145
mbarbine__platphorm-auction-vice,/Users/bwm.barbinewarnermichael/Documents/github/repositories/github-recent/mbarbine__platphorm-auction-vice,git@github.com:mbarbine/platphorm-auction-vice.git,main,d96969a28c7926986e003c2d9bbedd75feb5b3df,pnpm,typescript-react,True,True,False,False,False,True,194,190
mbarbine__platphorm-base,/Users/bwm.barbinewarnermichael/Documents/github/repositories/github-recent/mbarbine__platphorm-base,git@github.com:mbarbine/platphorm-base.git,main,12b2a3c94afd165f0bbb7dd43cfccfc3df8588b4,pnpm,typescript-react,True,True,True,False,False,True,201,190
mbarbine__platphorm-bbs,/Users/bwm.barbinewarnermichael/Documents/github/repositories/github-recent/mbarbine__platphorm-bbs,git@github.com:mbarbine/platphorm-bbs.git,main,56efde8b0a67391a46ab314aa1920b81df25e747,pnpm,typescript,True,True,True,True,False,True,287,260
mbarbine__platphorm-browserops,/Users/bwm.barbinewarnermichael/Documents/github/repositories/github-recent/mbarbine__platphorm-browserops,git@github.com:mbarbine/platphorm-browserops.git,main,b29d28134826016857b1013f08f6ca00a6e16ee0,pnpm,typescript,True,True,True,False,False,True,173,165
mbarbine__platphorm-business-EmployerServicesIncorporated,/Users/bwm.barbinewarnermichael/Documents/github/repositories/github-recent/mbarbine__platphorm-business-EmployerServicesIncorporated,git@github.com:mbarbine/platphorm-business-EmployerServicesIncorporated.git,master,2ff890db8efa3ab084dd9e267cb0933713aa1d42,pnpm,python,True,True,False,False,False,True,112,71
mbarbine__platphorm-cobol,/Users/bwm.barbinewarnermichael/Documents/github/repositories/github-recent/mbarbine__platphorm-cobol,git@github.com:mbarbine/platphorm-cobol.git,main,7f0d7406d9e185d4af11e3abb256a6195366c2d1,pnpm,typescript-react,True,True,True,True,False,True,225,214
mbarbine__platphorm-codex,/Users/bwm.barbinewarnermichael/Documents/github/repositories/github-recent/mbarbine__platphorm-codex,git@github.com:mbarbine/platphorm-codex.git,main,03ad0b087d6b54191fdb69354e301f3edbfeaa1c,pnpm,typescript,True,True,True,False,False,True,332,241
mbarbine__platphorm-content-showback-dashboard,/Users/bwm.barbinewarnermichael/Documents/github/repositories/github-recent/mbarbine__platphorm-content-showback-dashboard,git@github.com:mbarbine/platphorm-content-showback-dashboard.git,main,7d4798edac0f007a82dc9dc384205131bd3165a6,pnpm,typescript-react,True,True,False,False,False,True,273,241
mbarbine__platphorm-decks,/Users/bwm.barbinewarnermichael/Documents/github/repositories/github-recent/mbarbine__platphorm-decks,git@github.com:mbarbine/platphorm-decks.git,main,0dfe2172bf750005fcdd0916662dca426abcf283,pnpm,typescript-react,True,True,False,False,False,True,165,150
mbarbine__platphorm-desa,/Users/bwm.barbinewarnermichael/Documents/github/repositories/github-recent/mbarbine__platphorm-desa,git@github.com:mbarbine/platphorm-desa.git,main,43dd4496cff45f253ee2f319ab5b244bc989efbd,pnpm,typescript,True,True,True,True,True,True,277,262
mbarbine__platphorm-design,/Users/bwm.barbinewarnermichael/Documents/github/repositories/github-recent/mbarbine__platphorm-design,git@github.com:mbarbine/platphorm-design.git,main,1e26f65a0a93391e4683cd09d360fad5dad14b43,pnpm,typescript-react,True,True,False,False,False,True,224,219
mbarbine__platphorm-dictionary,/Users/bwm.barbinewarnermichael/Documents/github/repositories/github-recent/mbarbine__platphorm-dictionary,git@github.com:mbarbine/platphorm-dictionary.git,main,efb991cca0c3b6065b09666b654992a67f087f1e,pnpm,typescript-react,True,True,True,False,False,True,158,156
mbarbine__platphorm-emoji,/Users/bwm.barbinewarnermichael/Documents/github/repositories/github-recent/mbarbine__platphorm-emoji,git@github.com:mbarbine/platphorm-emoji.git,main,4ac7f72dcb87e3ea1a193f03ec6fe8bc3cdf1a04,pnpm,typescript,True,True,True,False,False,True,225,213
mbarbine__platphorm-evals,/Users/bwm.barbinewarnermichael/Documents/github/repositories/github-recent/mbarbine__platphorm-evals,git@github.com:mbarbine/platphorm-evals.git,main,b618d2145c8add64c313b46a1759b1e2cb380602,pnpm,typescript,True,True,True,False,True,True,226,216
mbarbine__platphorm-finance,/Users/bwm.barbinewarnermichael/Documents/github/repositories/github-recent/mbarbine__platphorm-finance,git@github.com:mbarbine/platphorm-finance.git,main,d878f5ac6f1d8da15090f05fa865d0fa872cd56c,pnpm,typescript-react,True,True,False,False,False,True,113,101
mbarbine__platphorm-fingerprint-service,/Users/bwm.barbinewarnermichael/Documents/github/repositories/github-recent/mbarbine__platphorm-fingerprint-service,git@github.com:mbarbine/platphorm-fingerprint-service.git,main,b9f7c13a86fef100e31d311457a0bc57be547666,pnpm,typescript-react,True,True,True,True,False,True,187,174
mbarbine__platphorm-insights,/Users/bwm.barbinewarnermichael/Documents/github/repositories/github-recent/mbarbine__platphorm-insights,git@github.com:mbarbine/platphorm-insights.git,main,66529fdb53f16b87dd5bac679269dad347aaf7bd,pnpm,typescript,True,True,True,True,False,True,459,422
mbarbine__platphorm-jobs,/Users/bwm.barbinewarnermichael/Documents/github/repositories/github-recent/mbarbine__platphorm-jobs,git@github.com:mbarbine/platphorm-jobs.git,main,282a4863b7b4f71a07e71a3450bb83a7f3b298e7,pnpm,typescript-react,True,True,False,False,False,True,221,207
mbarbine__platphorm-json,/Users/bwm.barbinewarnermichael/Documents/github/repositories/github-recent/mbarbine__platphorm-json,git@github.com:mbarbine/platphorm-json.git,main,d9c4cfc7c8714530f8fe35ebcaa715431de3801d,pnpm,typescript-react,True,True,True,True,False,True,198,183
mbarbine__platphorm-jules,/Users/bwm.barbinewarnermichael/Documents/github/repositories/github-recent/mbarbine__platphorm-jules,git@github.com:mbarbine/platphorm-jules.git,main,fa4706b84d3c99e3291a2116bec8795d120eec2d,pnpm,typescript,True,True,False,True,False,True,292,277
mbarbine__platphorm-kanban,/Users/bwm.barbinewarnermichael/Documents/github/repositories/github-recent/mbarbine__platphorm-kanban,git@github.com:mbarbine/platphorm-kanban.git,main,0b7f8d08a3979a71b0502ecc0a6f9a5055ddad9e,pnpm,typescript,True,True,True,True,True,True,241,234
mbarbine__platphorm-keys,/Users/bwm.barbinewarnermichael/Documents/github/repositories/github-recent/mbarbine__platphorm-keys,git@github.com:mbarbine/platphorm-keys.git,main,70203834d44473fd417cee32a783e95803909d6f,pnpm,typescript-react,True,True,False,False,False,True,126,124
mbarbine__platphorm-layout,/Users/bwm.barbinewarnermichael/Documents/github/repositories/github-recent/mbarbine__platphorm-layout,git@github.com:mbarbine/platphorm-layout.git,main,0e8fe6cc6e3c5b00fdfc91f767c5f7a75624eba2,pnpm,typescript,True,True,True,True,False,True,243,232
mbarbine__platphorm-mcp,/Users/bwm.barbinewarnermichael/Documents/github/repositories/github-recent/mbarbine__platphorm-mcp,git@github.com:mbarbine/platphorm-mcp.git,main,4de6f64c68be693da5b369a9ae02cfa07ae4cb0f,pnpm,typescript,True,True,True,True,True,True,383,366
mbarbine__platphorm-mini-games-webby,/Users/bwm.barbinewarnermichael/Documents/github/repositories/github-recent/mbarbine__platphorm-mini-games-webby,git@github.com:mbarbine/platphorm-mini-games-webby.git,main,15f0a887c966a41395a5129fd3119a3d65be408f,pnpm,typescript,True,True,True,True,False,True,143,131
mbarbine__platphorm-monitor,/Users/bwm.barbinewarnermichael/Documents/github/repositories/github-recent/mbarbine__platphorm-monitor,git@github.com:mbarbine/platphorm-monitor.git,main,5f5189f869a3d1ab9a797cabe93f6be388b05d33,pnpm,typescript,True,True,True,False,False,True,268,257
mbarbine__platphorm-msi-editor,/Users/bwm.barbinewarnermichael/Documents/github/repositories/github-recent/mbarbine__platphorm-msi-editor,git@github.com:mbarbine/platphorm-msi-editor.git,main,b67bf8819f005a299658036ef23d3887327217e3,pnpm,typescript-react,True,True,True,True,False,True,179,169
mbarbine__platphorm-newdittyswag-www,/Users/bwm.barbinewarnermichael/Documents/github/repositories/github-recent/mbarbine__platphorm-newdittyswag-www,git@github.com:mbarbine/platphorm-newdittyswag-www.git,main,40ea87fb1b07308a4ce29b708eaf4ab9a6425075,pnpm,typescript-react,True,True,False,False,False,True,77,53
mbarbine__platphorm-news-alt-theme,/Users/bwm.barbinewarnermichael/Documents/github/repositories/github-recent/mbarbine__platphorm-news-alt-theme,git@github.com:mbarbine/platphorm-news-alt-theme.git,main,47eee5381404316a25a32cb62fcc3ed6058a14c5,pnpm,typescript-react,True,True,False,False,False,False,100,72
mbarbine__platphorm-onboard,/Users/bwm.barbinewarnermichael/Documents/github/repositories/github-recent/mbarbine__platphorm-onboard,git@github.com:mbarbine/platphorm-onboard.git,main,c9f12029354611acfb888be21298db249e6581ec,pnpm,typescript,True,True,True,True,False,True,214,209
mbarbine__platphorm-openclaw,/Users/bwm.barbinewarnermichael/Documents/github/repositories/github-recent/mbarbine__platphorm-openclaw,git@github.com:mbarbine/platphorm-openclaw.git,main,ed8a5597b7f9ed05c89b85c072290f41f2dc7a0e,pnpm,typescript,True,True,False,True,False,True,302,281
mbarbine__platphorm-opencontent,/Users/bwm.barbinewarnermichael/Documents/github/repositories/github-recent/mbarbine__platphorm-opencontent,git@github.com:mbarbine/platphorm-opencontent.git,main,9cc4c722d37dbe56580a227ba12b3fd41a99cfdf,pnpm,typescript,True,True,True,True,False,True,384,365
mbarbine__platphorm-opendocs,/Users/bwm.barbinewarnermichael/Documents/github/repositories/github-recent/mbarbine__platphorm-opendocs,git@github.com:mbarbine/platphorm-opendocs.git,main,47a12744470e05352d983275c1a211b0535960e2,pnpm,typescript,True,True,True,True,True,True,308,289
mbarbine__platphorm-paperboy,/Users/bwm.barbinewarnermichael/Documents/github/repositories/github-recent/mbarbine__platphorm-paperboy,git@github.com:mbarbine/platphorm-paperboy.git,main,52dcedb1306361fccb50c69c55f61ab472fb0928,pnpm,typescript-react,True,True,False,False,False,True,84,74
mbarbine__platphorm-podcasts,/Users/bwm.barbinewarnermichael/Documents/github/repositories/github-recent/mbarbine__platphorm-podcasts,git@github.com:mbarbine/platphorm-podcasts.git,main,b489b909bb749007ebfe4eb8edd6442f718b91f1,pnpm,javascript,True,True,True,False,False,True,1173,848
mbarbine__platphorm-politics,/Users/bwm.barbinewarnermichael/Documents/github/repositories/github-recent/mbarbine__platphorm-politics,git@github.com:mbarbine/platphorm-politics.git,main,5d5a1904fbfe235f4800341dbac14ad7ebe79b9e,pnpm,typescript-react,True,True,False,False,False,True,94,73
mbarbine__platphorm-polymarket-rss-feed,/Users/bwm.barbinewarnermichael/Documents/github/repositories/github-recent/mbarbine__platphorm-polymarket-rss-feed,git@github.com:mbarbine/platphorm-polymarket-rss-feed.git,main,42f14d245bd9df8db8cb487b287f9526d2b46881,pnpm,typescript,True,True,True,False,False,True,216,199
mbarbine__platphorm-polymaths,/Users/bwm.barbinewarnermichael/Documents/github/repositories/github-recent/mbarbine__platphorm-polymaths,git@github.com:mbarbine/platphorm-polymaths.git,main,a079c332d98d4e46629e9fd0265240e2b90c135b,pnpm,typescript-react,True,True,True,True,True,True,264,230
mbarbine__platphorm-portfolio-webby,/Users/bwm.barbinewarnermichael/Documents/github/repositories/github-recent/mbarbine__platphorm-portfolio-webby,git@github.com:mbarbine/platphorm-portfolio-webby.git,main,9b7e0207a38b0cb2037483304478f08c4c5d802c,pnpm,typescript-react,True,True,False,False,False,False,95,35
mbarbine__platphorm-quake,/Users/bwm.barbinewarnermichael/Documents/github/repositories/github-recent/mbarbine__platphorm-quake,git@github.com:mbarbine/platphorm-quake.git,main,c64073798a4f40535840546667e11536a5fbb319,pnpm,typescript,True,True,False,True,False,True,332,318
mbarbine__platphorm-radio-backend,/Users/bwm.barbinewarnermichael/Documents/github/repositories/github-recent/mbarbine__platphorm-radio-backend,git@github.com:mbarbine/platphorm-radio-backend.git,main,cfcea9eb7378ec7caae23305e95d9def88d654be,pnpm,typescript,True,True,False,False,False,True,61,51
mbarbine__platphorm-reader,/Users/bwm.barbinewarnermichael/Documents/github/repositories/github-recent/mbarbine__platphorm-reader,git@github.com:mbarbine/platphorm-reader.git,main,57ce57bff659a3f0498093bda4723619c38eb65c,pnpm,typescript-react,True,True,False,False,False,True,183,180
mbarbine__platphorm-real-estate,/Users/bwm.barbinewarnermichael/Documents/github/repositories/github-recent/mbarbine__platphorm-real-estate,git@github.com:mbarbine/platphorm-real-estate.git,main,6bab4bb63675cd80a4f9b4ab51eaa750207a40d6,pnpm,typescript-react,True,True,False,False,False,True,96,82
mbarbine__platphorm-real-estate-NAD,/Users/bwm.barbinewarnermichael/Documents/github/repositories/github-recent/mbarbine__platphorm-real-estate-NAD,git@github.com:mbarbine/platphorm-real-estate-NAD.git,main,dc28e1e483aaf7e4f156db52515254d8f120719d,pnpm,typescript-react,True,True,False,False,False,True,252,188
mbarbine__platphorm-real-estate-property-evaluation,/Users/bwm.barbinewarnermichael/Documents/github/repositories/github-recent/mbarbine__platphorm-real-estate-property-evaluation,git@github.com:mbarbine/platphorm-real-estate-property-evaluation.git,main,cfea24f41d75e24470669cff0d360d90612b2322,pnpm,typescript-react,True,True,False,False,False,True,99,74
mbarbine__platphorm-redteam-arma-landing,/Users/bwm.barbinewarnermichael/Documents/github/repositories/github-recent/mbarbine__platphorm-redteam-arma-landing,git@github.com:mbarbine/platphorm-redteam-arma-landing.git,main,1a1501fde647fc53ca44c1bc4091807c9b76001a,pnpm,typescript-react,True,True,False,False,False,True,117,106
mbarbine__platphorm-register,/Users/bwm.barbinewarnermichael/Documents/github/repositories/github-recent/mbarbine__platphorm-register,git@github.com:mbarbine/platphorm-register.git,main,86d4ca654a76db17ab5d4a5d118d337f11703519,pnpm,typescript-react,True,True,False,False,False,True,137,122
mbarbine__platphorm-sandbox,/Users/bwm.barbinewarnermichael/Documents/github/repositories/github-recent/mbarbine__platphorm-sandbox,git@github.com:mbarbine/platphorm-sandbox.git,main,d7235acccd0cc3da90372548937d13865fc9164d,pnpm,typescript-react,True,True,False,False,False,True,205,185
mbarbine__platphorm-sheets,/Users/bwm.barbinewarnermichael/Documents/github/repositories/github-recent/mbarbine__platphorm-sheets,git@github.com:mbarbine/platphorm-sheets.git,main,ed28c46cb56017ea34372b33b7d40953bd826bff,pnpm,typescript,True,True,False,False,False,True,175,165
mbarbine__platphorm-shipments,/Users/bwm.barbinewarnermichael/Documents/github/repositories/github-recent/mbarbine__platphorm-shipments,git@github.com:mbarbine/platphorm-shipments.git,main,168d184a37be601e369cb67c0007b72e3086f0bd,pnpm,typescript,True,True,True,True,False,True,248,242
mbarbine__platphorm-signs,/Users/bwm.barbinewarnermichael/Documents/github/repositories/github-recent/mbarbine__platphorm-signs,git@github.com:mbarbine/platphorm-signs.git,main,6e14f79c8020c645ee8220b25decd5279e982014,pnpm,typescript-react,True,True,False,False,False,True,147,118
mbarbine__platphorm-space-news,/Users/bwm.barbinewarnermichael/Documents/github/repositories/github-recent/mbarbine__platphorm-space-news,git@github.com:mbarbine/platphorm-space-news.git,main,edbf03adc05765095802b6b43a61690b89bbf750,pnpm,typescript-react,True,True,True,True,False,True,174,168
mbarbine__platphorm-spec-workbench,/Users/bwm.barbinewarnermichael/Documents/github/repositories/github-recent/mbarbine__platphorm-spec-workbench,git@github.com:mbarbine/platphorm-spec-workbench.git,main,92129356f0a519b6096f50d1564cba653bc0e527,pnpm,typescript,True,True,True,False,False,True,252,238
mbarbine__platphorm-stannp-api-wrapper,/Users/bwm.barbinewarnermichael/Documents/github/repositories/github-recent/mbarbine__platphorm-stannp-api-wrapper,git@github.com:mbarbine/platphorm-stannp-api-wrapper.git,main,4f89f1b0a5b9d945d303c3dcd9281cb21dc3fba0,pnpm,typescript,True,True,True,False,False,True,117,102
mbarbine__platphorm-svg-factory,/Users/bwm.barbinewarnermichael/Documents/github/repositories/github-recent/mbarbine__platphorm-svg-factory,git@github.com:mbarbine/platphorm-svg-factory.git,main,7af677a37496a920ddda2d5288741ce887173d14,unknown,typescript-react,True,True,True,False,False,True,176,164
mbarbine__platphorm-trace,/Users/bwm.barbinewarnermichael/Documents/github/repositories/github-recent/mbarbine__platphorm-trace,git@github.com:mbarbine/platphorm-trace.git,main,3d1460bc4cdaee6716fe3df539950c44b8c43f19,pnpm,typescript,True,True,False,True,False,True,386,362
mbarbine__platphorm-usl,/Users/bwm.barbinewarnermichael/Documents/github/repositories/github-recent/mbarbine__platphorm-usl,git@github.com:mbarbine/platphorm-usl.git,main,913cc4a738bebf83e56c5821e8edf619bc932864,pnpm,typescript-react,True,True,True,True,False,True,199,179
mbarbine__platphorm-vercel-atlas,/Users/bwm.barbinewarnermichael/Documents/github/repositories/github-recent/mbarbine__platphorm-vercel-atlas,git@github.com:mbarbine/platphorm-vercel-atlas.git,main,7b45757063fdc35d385de12c44d084a43132a5b0,npm,typescript,True,True,True,False,False,True,317,286
mbarbine__platphorm-webhook-simulator,/Users/bwm.barbinewarnermichael/Documents/github/repositories/github-recent/mbarbine__platphorm-webhook-simulator,git@github.com:mbarbine/platphorm-webhook-simulator.git,main,ef154719aa100f5572d23a0c2842ae4523e33f2f,pnpm,typescript,True,True,False,False,False,True,190,182
mbarbine__platphorm-wrestling-webby,/Users/bwm.barbinewarnermichael/Documents/github/repositories/github-recent/mbarbine__platphorm-wrestling-webby,git@github.com:mbarbine/platphorm-wrestling-webby.git,main,b8a2bbe873f4b965fbd43116d7a08f090d0a8819,pnpm,typescript-react,True,True,False,False,False,True,115,89
mbarbine__platphorm-xml,/Users/bwm.barbinewarnermichael/Documents/github/repositories/github-recent/mbarbine__platphorm-xml,git@github.com:mbarbine/platphorm-xml.git,main,90df81b6253ef00efc6ae91a9cd8294d14f8a2ab,pnpm,typescript,True,True,True,True,True,True,180,170
mbarbine__platphorm-zine-reader,/Users/bwm.barbinewarnermichael/Documents/github/repositories/github-recent/mbarbine__platphorm-zine-reader,git@github.com:mbarbine/platphorm-zine-reader.git,main,d107f018bd233864dffd35dbe521d3bfafc03abf,pnpm,typescript-react,True,True,False,False,False,True,161,127
mbarbine__platphormnews-www-prod,/Users/bwm.barbinewarnermichael/Documents/github/repositories/github-recent/mbarbine__platphormnews-www-prod,git@github.com:mbarbine/platphormnews-www-prod.git,main,60f92879d055e42c30b8592074cf02f5fbd26498,pnpm,typescript,True,False,True,True,False,True,229,205
mbarbine__process-clone,/Users/bwm.barbinewarnermichael/Documents/github/repositories/github-recent/mbarbine__process-clone,git@github.com:mbarbine/process-clone.git,main,ab98b3c96373b445cb07a55ea956234150f95b1a,pnpm,typescript-react,True,True,True,True,False,True,290,264
mbarbine__reflux-site-webby,/Users/bwm.barbinewarnermichael/Documents/github/repositories/github-recent/mbarbine__reflux-site-webby,git@github.com:mbarbine/reflux-site-webby.git,main,3d66e5bf6a7a45f5f7da3e323c709185d14899be,pnpm,typescript,True,True,False,False,False,True,75,66
mbarbine__robbie-ds-greens-webby,/Users/bwm.barbinewarnermichael/Documents/github/repositories/github-recent/mbarbine__robbie-ds-greens-webby,git@github.com:mbarbine/robbie-ds-greens-webby.git,main,c2fd0a619c468b4d6b0c41ed43bc5ce94414d3c0,pnpm,typescript-react,True,True,False,False,False,True,130,105
mbarbine__robot-clothing-marketplace,/Users/bwm.barbinewarnermichael/Documents/github/repositories/github-recent/mbarbine__robot-clothing-marketplace,git@github.com:mbarbine/robot-clothing-marketplace.git,main,bd57b84ca550c3b2cb430499940bf9527e2e7b34,npm,typescript-react,True,True,False,False,False,True,119,102
mbarbine__scratchcraft,/Users/bwm.barbinewarnermichael/Documents/github/repositories/github-recent/mbarbine__scratchcraft,git@github.com:mbarbine/scratchcraft.git,main,1ad196630427c310b68d28d8e7cff9eefe326793,pnpm,typescript-react,True,True,False,False,False,True,88,82
mbarbine__shopify-theme-vanagain,/Users/bwm.barbinewarnermichael/Documents/github/repositories/github-recent/mbarbine__shopify-theme-vanagain,git@github.com:mbarbine/shopify-theme-vanagain.git,main,4bbb7933ae7b29761890eea5f1ad5b27299db5d9,unknown,python,False,False,False,False,False,True,46,19
mbarbine__spectrum-canine-www,/Users/bwm.barbinewarnermichael/Documents/github/repositories/github-recent/mbarbine__spectrum-canine-www,git@github.com:mbarbine/spectrum-canine-www.git,main,228a1861f672e1241a3ff7fd8319a2eca60b15aa,pnpm,typescript-react,True,True,False,False,False,True,120,110
mbarbine__stannp-gpt-5-test,/Users/bwm.barbinewarnermichael/Documents/github/repositories/github-recent/mbarbine__stannp-gpt-5-test,git@github.com:mbarbine/stannp-gpt-5-test.git,main,094553cd9559943789ac8bead63f45f5fe586e26,pnpm,typescript-react,True,True,False,False,False,True,114,102
mbarbine__stannp-nextjs-bp,/Users/bwm.barbinewarnermichael/Documents/github/repositories/github-recent/mbarbine__stannp-nextjs-bp,git@github.com:mbarbine/stannp-nextjs-bp.git,main,a89b715c0732fcfbdb8d0d39bdb1db533faf5548,pnpm,typescript,True,True,False,False,False,False,52,44
mbarbine__starphone-fork-webby,/Users/bwm.barbinewarnermichael/Documents/github/repositories/github-recent/mbarbine__starphone-fork-webby,git@github.com:mbarbine/starphone-fork-webby.git,main,c7df27714b5ccecede32cb416f0ccd61c7fadca4,pnpm,typescript-react,True,True,False,False,False,True,107,94
mbarbine__starphone-web-svelte,/Users/bwm.barbinewarnermichael/Documents/github/repositories/github-recent/mbarbine__starphone-web-svelte,git@github.com:mbarbine/starphone-web-svelte.git,main,5ab3f5ddcc592ee5c16156a50b848853a294f2b1,pnpm,typescript-react,True,True,True,False,False,True,257,85
mbarbine__stripper-mug-webby,/Users/bwm.barbinewarnermichael/Documents/github/repositories/github-recent/mbarbine__stripper-mug-webby,git@github.com:mbarbine/stripper-mug-webby.git,main,484f300231f03c63a1dda2ef8257cb1264ffaa11,pnpm,typescript-react,True,True,False,False,False,True,130,105
mbarbine__threatrelay-webby,/Users/bwm.barbinewarnermichael/Documents/github/repositories/github-recent/mbarbine__threatrelay-webby,git@github.com:mbarbine/threatrelay-webby.git,main,26afbea2b7c5d9b9a5e8836fada72cef7ef54c79,pnpm,typescript-react,True,True,False,False,False,True,144,116
mbarbine__tiktok-clone,/Users/bwm.barbinewarnermichael/Documents/github/repositories/github-recent/mbarbine__tiktok-clone,git@github.com:mbarbine/tiktok-clone.git,main,b245d5f0e279fe669038bbfb6415d9015096b383,pnpm,typescript-react,True,True,False,False,False,True,87,81
mbarbine__tools,/Users/bwm.barbinewarnermichael/Documents/github/repositories/github-recent/mbarbine__tools,git@github.com:mbarbine/tools.git,main,5a182a9a47d3ebdf40b962de3aaa023a0958dd91,unknown,unknown,False,False,False,False,False,False,3,2
mbarbine__turborepo-react-native,/Users/bwm.barbinewarnermichael/Documents/github/repositories/github-recent/mbarbine__turborepo-react-native,git@github.com:mbarbine/turborepo-react-native.git,main,e95122d8f76d034dad9b17c5ddd780e46100cb52,yarn,typescript-react,True,False,False,False,False,False,41,32
mbarbine__two-doller-web,/Users/bwm.barbinewarnermichael/Documents/github/repositories/github-recent/mbarbine__two-doller-web,git@github.com:mbarbine/two-doller-web.git,main,5af19c3835522541ce930870c351a62f06a71fa5,pnpm,typescript,True,True,False,False,False,True,91,71
mbarbine__uberpidgeons,/Users/bwm.barbinewarnermichael/Documents/github/repositories/github-recent/mbarbine__uberpidgeons,git@github.com:mbarbine/uberpidgeons.git,main,9b16e515596d5f577aa35bcc51be75430e6d9b29,pnpm,typescript-react,True,True,False,False,False,False,22,15
mbarbine__uberpidgeons-www,/Users/bwm.barbinewarnermichael/Documents/github/repositories/github-recent/mbarbine__uberpidgeons-www,git@github.com:mbarbine/uberpidgeons-www.git,main,204c847c665a4442a6305537358e3b31111a55ca,npm,.mjs,True,True,False,False,False,False,17,10
mbarbine__v0-2025-year-in-review,/Users/bwm.barbinewarnermichael/Documents/github/repositories/github-recent/mbarbine__v0-2025-year-in-review,git@github.com:mbarbine/v0-2025-year-in-review.git,main,72e24abcbb5336371d0781ea5658812980d0c06a,pnpm,typescript-react,True,True,False,False,False,False,28,18
mbarbine__v0-fortune-cookie-webby,/Users/bwm.barbinewarnermichael/Documents/github/repositories/github-recent/mbarbine__v0-fortune-cookie-webby,git@github.com:mbarbine/v0-fortune-cookie-webby.git,palette-empty-repo-2946181691523846823,15d357d7f57b0d6c5a1e74366c275319d070f7f2,unknown,unknown,False,False,False,False,False,False,0,0
mbarbine__v0-fortune-cookie-windshield,/Users/bwm.barbinewarnermichael/Documents/github/repositories/github-recent/mbarbine__v0-fortune-cookie-windshield,git@github.com:mbarbine/v0-fortune-cookie-windshield.git,main,,unknown,unknown,False,False,False,False,False,False,0,0
mbarbine__v0-fortune-cookie-windshield-5g,/Users/bwm.barbinewarnermichael/Documents/github/repositories/github-recent/mbarbine__v0-fortune-cookie-windshield-5g,git@github.com:mbarbine/v0-fortune-cookie-windshield-5g.git,main,,unknown,unknown,False,False,False,False,False,False,0,0
mbarbine__v0-fortune-cookie-windshield-75,/Users/bwm.barbinewarnermichael/Documents/github/repositories/github-recent/mbarbine__v0-fortune-cookie-windshield-75,git@github.com:mbarbine/v0-fortune-cookie-windshield-75.git,bolt/init-journal-13290769062084689265,1c5286719a678ed474dc85f60b68ed16a82e2839,unknown,unknown,False,False,False,False,False,False,1,1
mbarbine__v0-fortune-cookie-windshield-pz,/Users/bwm.barbinewarnermichael/Documents/github/repositories/github-recent/mbarbine__v0-fortune-cookie-windshield-pz,git@github.com:mbarbine/v0-fortune-cookie-windshield-pz.git,main,,unknown,unknown,False,False,False,False,False,False,0,0
mbarbine__vanagain-2025,/Users/bwm.barbinewarnermichael/Documents/github/repositories/github-recent/mbarbine__vanagain-2025,git@github.com:mbarbine/vanagain-2025.git,main,c1a6ab0c4e4098e1364515d25e569a307328b38d,pnpm,typescript-react,True,True,False,False,False,True,114,94
mbarbine__vanagain-dot-com-prod,/Users/bwm.barbinewarnermichael/Documents/github/repositories/github-recent/mbarbine__vanagain-dot-com-prod,git@github.com:mbarbine/vanagain-dot-com-prod.git,main,874d256409499fe225bbefa8008438def7a53ba9,pnpm,typescript,True,True,True,False,True,True,1163,577
mbarbine__vanagain-site,/Users/bwm.barbinewarnermichael/Documents/github/repositories/github-recent/mbarbine__vanagain-site,git@github.com:mbarbine/vanagain-site.git,master,a8221938e4e3cc5861e0fe490eafe0930234c832,unknown,javascript,False,False,False,False,False,True,5493,1559
mbarbine__vanagain_dot_com,/Users/bwm.barbinewarnermichael/Documents/github/repositories/github-recent/mbarbine__vanagain_dot_com,git@github.com:mbarbine/vanagain_dot_com.git,main,,unknown,unknown,False,False,False,False,False,False,0,0
mbarbine__vanagon-website,/Users/bwm.barbinewarnermichael/Documents/github/repositories/github-recent/mbarbine__vanagon-website,git@github.com:mbarbine/vanagon-website.git,main,a9f2d52ffe1eef2b59b1cb79133c7497c4f39afd,unknown,typescript-react,True,True,False,False,False,True,114,100
mbarbine__vanlife-website,/Users/bwm.barbinewarnermichael/Documents/github/repositories/github-recent/mbarbine__vanlife-website,git@github.com:mbarbine/vanlife-website.git,main,eb4633b16163add07e1ec212706113d6b212ca55,pnpm,typescript-react,True,True,False,False,False,True,139,127
mbarbine__wildduck,/Users/bwm.barbinewarnermichael/Documents/github/repositories/github-recent/mbarbine__wildduck,git@github.com:mbarbine/wildduck.git,main,55e1d60ca63bc6dc6d3b13db8167d0bd60465d2c,unknown,javascript,False,False,False,False,False,True,197,109
mbarbine__www-demo-biofeedback-app-development,/Users/bwm.barbinewarnermichael/Documents/github/repositories/github-recent/mbarbine__www-demo-biofeedback-app-development,git@github.com:mbarbine/www-demo-biofeedback-app-development.git,main,c5017b57a249f81a6e67deff9f62784b824d52ef,pnpm,typescript-react,True,True,False,False,False,True,87,76
mbarbine__xsociety,/Users/bwm.barbinewarnermichael/Documents/github/repositories/github-recent/mbarbine__xsociety,git@github.com:mbarbine/xsociety.git,main,f4da427a745dcf227931b293bfcb69ad5499b27f,python,javascript,False,False,False,False,False,True,1585,616
mbarbine__zornixOS,/Users/bwm.barbinewarnermichael/Documents/github/repositories/github-recent/mbarbine__zornixOS,git@github.com:mbarbine/zornixOS.git,master,c77abc62ab075ef9d9db1c8b0aa16c7ce67fc69f,unknown,python,False,False,False,True,False,True,20911,307
ph3ar__DeskThing-FortuneCookie,/Users/bwm.barbinewarnermichael/Documents/github/repositories/github-recent/ph3ar__DeskThing-FortuneCookie,git@github.com:ph3ar/DeskThing-FortuneCookie.git,main,43a00e49965de71ccbc2922bd1f7015ccd09122f,pnpm,typescript,True,False,False,False,False,False,33,28
ph3ar__barbine-worldwide-legacy,/Users/bwm.barbinewarnermichael/Documents/github/repositories/github-recent/ph3ar__barbine-worldwide-legacy,git@github.com:ph3ar/barbine-worldwide-legacy.git,main,e573bc11c7517cb0337100ac7d08f935c261812e,unknown,typescript-react,True,False,False,False,True,False,29,24
ph3ar__demo-repository,/Users/bwm.barbinewarnermichael/Documents/github/repositories/github-recent/ph3ar__demo-repository,git@github.com:ph3ar/demo-repository.git,main,af86e0877a79417c94b34f65438805da118b9606,unknown,unknown,True,False,False,False,True,False,3,2
ph3ar__fortune-cookie-webby,/Users/bwm.barbinewarnermichael/Documents/github/repositories/github-recent/ph3ar__fortune-cookie-webby,git@github.com:ph3ar/fortune-cookie-webby.git,main,,unknown,unknown,False,False,False,False,False,False,0,0
ph3ar__hope-auto-checkin,/Users/bwm.barbinewarnermichael/Documents/github/repositories/github-recent/ph3ar__hope-auto-checkin,git@github.com:ph3ar/hope-auto-checkin.git,main,a555c63dc6e81d5ee56df3799cfb374f1eb4bc1c,unknown,javascript,False,False,False,False,True,False,4,3
ph3ar__js_mongo_app_boilerplate,/Users/bwm.barbinewarnermichael/Documents/github/repositories/github-recent/ph3ar__js_mongo_app_boilerplate,git@github.com:ph3ar/js_mongo_app_boilerplate.git,master,00c9caa4572195dc3424e5ebdf530e168e3c3cb3,npm,javascript,True,False,False,True,False,True,89,42
ph3ar__mailthing-webby,/Users/bwm.barbinewarnermichael/Documents/github/repositories/github-recent/ph3ar__mailthing-webby,git@github.com:ph3ar/mailthing-webby.git,main,f7e8990688ed82de8ed8e893993988db36ee1622,npm,typescript-react,True,True,False,False,False,False,131,103
ph3ar__mermaid-www,/Users/bwm.barbinewarnermichael/Documents/github/repositories/github-recent/ph3ar__mermaid-www,git@github.com:ph3ar/mermaid-www.git,main,ad1030c817cefefef8a406ad9a4e4a61c97b0bfe,unknown,typescript-react,False,False,False,False,False,True,15,13
ph3ar__newdittyswag-commerce,/Users/bwm.barbinewarnermichael/Documents/github/repositories/github-recent/ph3ar__newdittyswag-commerce,git@github.com:ph3ar/newdittyswag-commerce.git,main,71a14b131ecc28b6122acc91c7aba137818e0c9d,pnpm,svelte,True,False,False,False,False,False,41,34
ph3ar__ph3ar-docs-enhanced-labs,/Users/bwm.barbinewarnermichael/Documents/github/repositories/github-recent/ph3ar__ph3ar-docs-enhanced-labs,git@github.com:ph3ar/ph3ar-docs-enhanced-labs.git,main,90c8fbc07e9003f87affac33e45742bace6b583a,unknown,javascript,True,True,True,False,False,True,155,134
ph3ar__ph3ar_radio_backend,/Users/bwm.barbinewarnermichael/Documents/github/repositories/github-recent/ph3ar__ph3ar_radio_backend,git@github.com:ph3ar/ph3ar_radio_backend.git,main,d5b42b3bc0fe89b018df01a74976759eac5bb3ae,unknown,typescript,False,False,False,False,False,True,424,73
ph3ar__platphorm-admin-dashboard,/Users/bwm.barbinewarnermichael/Documents/github/repositories/github-recent/ph3ar__platphorm-admin-dashboard,git@github.com:ph3ar/platphorm-admin-dashboard.git,main,a28332c7833758213c14ccebc7129471de494d67,unknown,typescript-react,True,True,False,False,False,True,58,53
ph3ar__radio-backend,/Users/bwm.barbinewarnermichael/Documents/github/repositories/github-recent/ph3ar__radio-backend,git@github.com:ph3ar/radio-backend.git,main,aea5d02efed9792cdb7bbdf4d1b46065ebfc1aa5,pnpm,typescript-react,True,True,False,True,False,True,50,31
ph3ar__renegade-bbs-docker,/Users/bwm.barbinewarnermichael/Documents/github/repositories/github-recent/ph3ar__renegade-bbs-docker,git@github.com:ph3ar/renegade-bbs-docker.git,main,86dad8f76a82a54b5d460405066ce38ed4209003,unknown,unknown,False,False,False,True,False,False,8,6
ph3ar__stripe-subscription-starter,/Users/bwm.barbinewarnermichael/Documents/github/repositories/github-recent/ph3ar__stripe-subscription-starter,git@github.com:ph3ar/stripe-subscription-starter.git,main,a957d1f1b2a8f074b01dec71e76a3512130ab93e,pnpm,typescript,True,False,False,False,False,False,99,79
ph3ar__v0-fortune-cookie-windshield,/Users/bwm.barbinewarnermichael/Documents/github/repositories/github-recent/ph3ar__v0-fortune-cookie-windshield,git@github.com:ph3ar/v0-fortune-cookie-windshield.git,main,,unknown,unknown,False,False,False,False,False,False,0,0
ph3ar__v0-fortune-cookie-windshield-gf,/Users/bwm.barbinewarnermichael/Documents/github/repositories/github-recent/ph3ar__v0-fortune-cookie-windshield-gf,git@github.com:ph3ar/v0-fortune-cookie-windshield-gf.git,main,,unknown,unknown,False,False,False,False,False,False,0,0
ph3ar__www_js_terminal,/Users/bwm.barbinewarnermichael/Documents/github/repositories/github-recent/ph3ar__www_js_terminal,git@github.com:ph3ar/www_js_terminal.git,master,b573288b000f9dafccc12eb93bc6187bf54cef94,pnpm,javascript,True,False,True,True,False,True,57,35
process-charts__.github,/Users/bwm.barbinewarnermichael/Documents/github/repositories/github-recent/process-charts__.github,git@github.com:process-charts/.github.git,main,d89e96b09e7abfe568694d804aaf8faf26df70d2,unknown,unknown,False,False,False,False,False,False,2,1
process-co__.github,/Users/bwm.barbinewarnermichael/Documents/github/repositories/github-recent/process-co__.github,git@github.com:process-co/.github.git,main,a112992d1ffb84d036c7be54401b4b9743f8046f,unknown,unknown,False,False,False,False,False,False,2,1
process-co__json-graph,/Users/bwm.barbinewarnermichael/Documents/github/repositories/github-recent/process-co__json-graph,git@github.com:process-co/json-graph.git,main,46821c36fa06bcc48669eaa8f999f1f34c83fce4,unknown,typescript,True,False,False,False,True,True,61,61
process-co__npm-element-dev-server,/Users/bwm.barbinewarnermichael/Documents/github/repositories/github-recent/process-co__npm-element-dev-server,git@github.com:process-co/npm-element-dev-server.git,main,0895273e34500965b85ac60b077789330c41ec8a,unknown,typescript-react,True,False,False,False,True,False,17,14
process-co__npm-element-dev-support,/Users/bwm.barbinewarnermichael/Documents/github/repositories/github-recent/process-co__npm-element-dev-support,git@github.com:process-co/npm-element-dev-support.git,main,5c992a37012a776bdf8c3d29663911916f4a5117,unknown,typescript,True,False,False,False,True,False,6,5
process-co__npm-element-types,/Users/bwm.barbinewarnermichael/Documents/github/repositories/github-recent/process-co__npm-element-types,git@github.com:process-co/npm-element-types.git,main,ea415ca15081248de90cfde4839c87b6a47d9d21,unknown,typescript,True,False,False,False,True,False,13,12
process-co__npm-utilities,/Users/bwm.barbinewarnermichael/Documents/github/repositories/github-recent/process-co__npm-utilities,git@github.com:process-co/npm-utilities.git,main,d101f4032f5101ac0ec35dafd2c6aa40c439daf2,unknown,typescript,True,False,False,False,True,False,5,3
process-co__ui,/Users/bwm.barbinewarnermichael/Documents/github/repositories/github-recent/process-co__ui,git@github.com:process-co/ui.git,main,2fea96204c441fdf7bc0c86e9a3b2b26050d4c2f,unknown,typescript,True,False,False,False,True,False,5,4
process-partners__.github,/Users/bwm.barbinewarnermichael/Documents/github/repositories/github-recent/process-partners__.github,git@github.com:process-partners/.github.git,main,1b64b82691b5546e60581e1238ddd29c6052ac83,unknown,unknown,False,False,False,False,False,False,1,1
