full_name,name,owner,source,html_url,clone_url,ssh_url,default_branch,private,fork,archived,disabled,language,pushed_at,updated_at,selected_date,selected_date_field,local_path,action,error
process-co/npm-element-types,npm-element-types,process-co,user,https://github.com/process-co/npm-element-types,https://github.com/process-co/npm-element-types.git,git@github.com:process-co/npm-element-types.git,main,False,False,False,False,TypeScript,2026-05-11T09:58:38Z,2026-05-11T09:57:44Z,2026-05-11T09:58:38Z,pushed_at,/Users/bwm.barbinewarnermichael/Documents/github/repositories/github-recent/process-co__npm-element-types,fetched,
mbarbine/onboard-platphorm-boilerplate-repo,onboard-platphorm-boilerplate-repo,mbarbine,user,https://github.com/mbarbine/onboard-platphorm-boilerplate-repo,https://github.com/mbarbine/onboard-platphorm-boilerplate-repo.git,git@github.com:mbarbine/onboard-platphorm-boilerplate-repo.git,main,False,False,False,False,TypeScript,2026-05-10T15:35:45Z,2026-05-10T15:35:54Z,2026-05-10T15:35:45Z,pushed_at,/Users/bwm.barbinewarnermichael/Documents/github/repositories/github-recent/mbarbine__onboard-platphorm-boilerplate-repo,fetched,
ph3ar/ph3ar_radio_backend,ph3ar_radio_backend,ph3ar,org:ph3ar,https://github.com/ph3ar/ph3ar_radio_backend,https://github.com/ph3ar/ph3ar_radio_backend.git,git@github.com:ph3ar/ph3ar_radio_backend.git,main,True,False,False,False,JavaScript,2026-05-09T04:22:19Z,2026-03-25T18:19:59Z,2026-05-09T04:22:19Z,pushed_at,/Users/bwm.barbinewarnermichael/Documents/github/repositories/github-recent/ph3ar__ph3ar_radio_backend,cloned,
mbarbine/platphorm-alleycats,platphorm-alleycats,mbarbine,user,https://github.com/mbarbine/platphorm-alleycats,https://github.com/mbarbine/platphorm-alleycats.git,git@github.com:mbarbine/platphorm-alleycats.git,main,False,False,False,False,TypeScript,2026-05-08T16:23:49Z,2026-05-08T16:26:25Z,2026-05-08T16:23:49Z,pushed_at,/Users/bwm.barbinewarnermichael/Documents/github/repositories/github-recent/mbarbine__platphorm-alleycats,fetched,
ph3ar/js_mongo_app_boilerplate,js_mongo_app_boilerplate,ph3ar,org:ph3ar,https://github.com/ph3ar/js_mongo_app_boilerplate,https://github.com/ph3ar/js_mongo_app_boilerplate.git,git@github.com:ph3ar/js_mongo_app_boilerplate.git,master,False,False,False,False,CSS,2026-05-07T03:51:29Z,2026-04-22T15:13:13Z,2026-05-07T03:51:29Z,pushed_at,/Users/bwm.barbinewarnermichael/Documents/github/repositories/github-recent/ph3ar__js_mongo_app_boilerplate,fetched,
ph3ar/mailthing-webby,mailthing-webby,ph3ar,org:ph3ar,https://github.com/ph3ar/mailthing-webby,https://github.com/ph3ar/mailthing-webby.git,git@github.com:ph3ar/mailthing-webby.git,main,True,False,False,False,TypeScript,2026-04-28T03:25:24Z,2026-04-03T20:21:29Z,2026-04-28T03:25:24Z,pushed_at,/Users/bwm.barbinewarnermichael/Documents/github/repositories/github-recent/ph3ar__mailthing-webby,cloned,
ph3ar/www_js_terminal,www_js_terminal,ph3ar,org:ph3ar,https://github.com/ph3ar/www_js_terminal,https://github.com/ph3ar/www_js_terminal.git,git@github.com:ph3ar/www_js_terminal.git,master,False,False,False,False,JavaScript,2026-04-27T07:38:04Z,2026-04-21T21:52:14Z,2026-04-27T07:38:04Z,pushed_at,/Users/bwm.barbinewarnermichael/Documents/github/repositories/github-recent/ph3ar__www_js_terminal,fetched,
mbarbine/Starphone-CMS,Starphone-CMS,mbarbine,user,https://github.com/mbarbine/Starphone-CMS,https://github.com/mbarbine/Starphone-CMS.git,git@github.com:mbarbine/Starphone-CMS.git,jules-843244230259235722-982837fc,False,False,False,False,,2026-04-26T20:33:15Z,2026-04-26T20:33:20Z,2026-04-26T20:33:15Z,pushed_at,/Users/bwm.barbinewarnermichael/Documents/github/repositories/github-recent/mbarbine__Starphone-CMS,fetched,
ph3ar/radio-backend,radio-backend,ph3ar,org:ph3ar,https://github.com/ph3ar/radio-backend,https://github.com/ph3ar/radio-backend.git,git@github.com:ph3ar/radio-backend.git,main,False,False,False,False,TypeScript,2026-04-26T04:11:28Z,2026-04-03T17:54:17Z,2026-04-26T04:11:28Z,pushed_at,/Users/bwm.barbinewarnermichael/Documents/github/repositories/github-recent/ph3ar__radio-backend,fetched,
ph3ar/barbine-worldwide-legacy,barbine-worldwide-legacy,ph3ar,org:ph3ar,https://github.com/ph3ar/barbine-worldwide-legacy,https://github.com/ph3ar/barbine-worldwide-legacy.git,git@github.com:ph3ar/barbine-worldwide-legacy.git,main,True,False,False,False,TypeScript,2026-04-26T03:50:13Z,2025-12-17T19:55:29Z,2026-04-26T03:50:13Z,pushed_at,/Users/bwm.barbinewarnermichael/Documents/github/repositories/github-recent/ph3ar__barbine-worldwide-legacy,cloned,
ph3ar/platphorm-admin-dashboard,platphorm-admin-dashboard,ph3ar,org:ph3ar,https://github.com/ph3ar/platphorm-admin-dashboard,https://github.com/ph3ar/platphorm-admin-dashboard.git,git@github.com:ph3ar/platphorm-admin-dashboard.git,main,True,False,False,False,TypeScript,2026-04-24T03:41:38Z,2026-04-19T22:04:53Z,2026-04-24T03:41:38Z,pushed_at,/Users/bwm.barbinewarnermichael/Documents/github/repositories/github-recent/ph3ar__platphorm-admin-dashboard,cloned,
mbarbine/ph3ar-web,ph3ar-web,mbarbine,user,https://github.com/mbarbine/ph3ar-web,https://github.com/mbarbine/ph3ar-web.git,git@github.com:mbarbine/ph3ar-web.git,main,False,False,False,False,HTML,2026-04-24T03:26:06Z,2024-05-28T19:09:46Z,2026-04-24T03:26:06Z,pushed_at,/Users/bwm.barbinewarnermichael/Documents/github/repositories/github-recent/mbarbine__ph3ar-web,fetched,
mbarbine/starphone-web-svelte,starphone-web-svelte,mbarbine,user,https://github.com/mbarbine/starphone-web-svelte,https://github.com/mbarbine/starphone-web-svelte.git,git@github.com:mbarbine/starphone-web-svelte.git,main,False,False,False,False,TypeScript,2026-04-20T00:39:21Z,2026-04-03T16:44:35Z,2026-04-20T00:39:21Z,pushed_at,/Users/bwm.barbinewarnermichael/Documents/github/repositories/github-recent/mbarbine__starphone-web-svelte,fetched,
process-co/npm-element-dev-support,npm-element-dev-support,process-co,user,https://github.com/process-co/npm-element-dev-support,https://github.com/process-co/npm-element-dev-support.git,git@github.com:process-co/npm-element-dev-support.git,main,False,False,False,False,TypeScript,2026-04-17T16:35:47Z,2026-04-17T16:35:52Z,2026-04-17T16:35:47Z,pushed_at,/Users/bwm.barbinewarnermichael/Documents/github/repositories/github-recent/process-co__npm-element-dev-support,fetched,
process-co/npm-element-dev-server,npm-element-dev-server,process-co,user,https://github.com/process-co/npm-element-dev-server,https://github.com/process-co/npm-element-dev-server.git,git@github.com:process-co/npm-element-dev-server.git,main,False,False,False,False,TypeScript,2026-04-17T16:35:24Z,2026-04-17T16:35:29Z,2026-04-17T16:35:24Z,pushed_at,/Users/bwm.barbinewarnermichael/Documents/github/repositories/github-recent/process-co__npm-element-dev-server,fetched,
process-co/npm-utilities,npm-utilities,process-co,user,https://github.com/process-co/npm-utilities,https://github.com/process-co/npm-utilities.git,git@github.com:process-co/npm-utilities.git,main,False,False,False,False,TypeScript,2026-04-17T16:34:03Z,2026-04-17T16:34:07Z,2026-04-17T16:34:03Z,pushed_at,/Users/bwm.barbinewarnermichael/Documents/github/repositories/github-recent/process-co__npm-utilities,fetched,
ph3ar/DeskThing-FortuneCookie,DeskThing-FortuneCookie,ph3ar,org:ph3ar,https://github.com/ph3ar/DeskThing-FortuneCookie,https://github.com/ph3ar/DeskThing-FortuneCookie.git,git@github.com:ph3ar/DeskThing-FortuneCookie.git,main,False,False,False,False,TypeScript,2026-04-11T18:17:50Z,2026-02-09T00:42:41Z,2026-04-11T18:17:50Z,pushed_at,/Users/bwm.barbinewarnermichael/Documents/github/repositories/github-recent/ph3ar__DeskThing-FortuneCookie,fetched,
process-co/ui,ui,process-co,user,https://github.com/process-co/ui,https://github.com/process-co/ui.git,git@github.com:process-co/ui.git,main,False,False,False,False,CSS,2026-04-11T09:44:28Z,2026-04-11T09:44:36Z,2026-04-11T09:44:28Z,pushed_at,/Users/bwm.barbinewarnermichael/Documents/github/repositories/github-recent/process-co__ui,fetched,
mbarbine/beepboopprocess,beepboopprocess,mbarbine,user,https://github.com/mbarbine/beepboopprocess,https://github.com/mbarbine/beepboopprocess.git,git@github.com:mbarbine/beepboopprocess.git,master,False,False,False,False,,2026-04-10T00:44:34Z,2026-04-10T00:44:42Z,2026-04-10T00:44:34Z,pushed_at,/Users/bwm.barbinewarnermichael/Documents/github/repositories/github-recent/mbarbine__beepboopprocess,fetched,
mbarbine/chrome-shortcuts,chrome-shortcuts,mbarbine,user,https://github.com/mbarbine/chrome-shortcuts,https://github.com/mbarbine/chrome-shortcuts.git,git@github.com:mbarbine/chrome-shortcuts.git,main,False,False,False,False,JavaScript,2026-04-03T18:43:26Z,2026-04-03T18:43:32Z,2026-04-03T18:43:26Z,pushed_at,/Users/bwm.barbinewarnermichael/Documents/github/repositories/github-recent/mbarbine__chrome-shortcuts,fetched,
process-co/json-graph,json-graph,process-co,user,https://github.com/process-co/json-graph,https://github.com/process-co/json-graph.git,git@github.com:process-co/json-graph.git,main,False,False,False,False,TypeScript,2026-03-31T10:51:33Z,2026-03-31T10:51:37Z,2026-03-31T10:51:33Z,pushed_at,/Users/bwm.barbinewarnermichael/Documents/github/repositories/github-recent/process-co__json-graph,fetched,
mbarbine/vanagain_dot_com,vanagain_dot_com,mbarbine,user,https://github.com/mbarbine/vanagain_dot_com,https://github.com/mbarbine/vanagain_dot_com.git,git@github.com:mbarbine/vanagain_dot_com.git,main,False,False,False,False,,2026-03-29T23:17:56Z,2026-03-29T23:17:56Z,2026-03-29T23:17:56Z,pushed_at,/Users/bwm.barbinewarnermichael/Documents/github/repositories/github-recent/mbarbine__vanagain_dot_com,fetched,
ph3ar/stripe-subscription-starter,stripe-subscription-starter,ph3ar,org:ph3ar,https://github.com/ph3ar/stripe-subscription-starter,https://github.com/ph3ar/stripe-subscription-starter.git,git@github.com:ph3ar/stripe-subscription-starter.git,main,True,False,False,False,TypeScript,2026-03-25T18:30:43Z,2026-03-23T16:31:26Z,2026-03-25T18:30:43Z,pushed_at,/Users/bwm.barbinewarnermichael/Documents/github/repositories/github-recent/ph3ar__stripe-subscription-starter,cloned,
mbarbine/JenkinsDB,JenkinsDB,mbarbine,user,https://github.com/mbarbine/JenkinsDB,https://github.com/mbarbine/JenkinsDB.git,git@github.com:mbarbine/JenkinsDB.git,1.0,False,False,False,False,TSQL,2026-02-25T03:17:28Z,2026-02-25T03:01:56Z,2026-02-25T03:17:28Z,pushed_at,/Users/bwm.barbinewarnermichael/Documents/github/repositories/github-recent/mbarbine__JenkinsDB,fetched,
ph3ar/demo-repository,demo-repository,ph3ar,org:ph3ar,https://github.com/ph3ar/demo-repository,https://github.com/ph3ar/demo-repository.git,git@github.com:ph3ar/demo-repository.git,main,True,False,False,False,HTML,2026-02-22T18:34:27Z,2026-02-22T18:34:31Z,2026-02-22T18:34:27Z,pushed_at,/Users/bwm.barbinewarnermichael/Documents/github/repositories/github-recent/ph3ar__demo-repository,cloned,
ph3ar/newdittyswag-commerce,newdittyswag-commerce,ph3ar,org:ph3ar,https://github.com/ph3ar/newdittyswag-commerce,https://github.com/ph3ar/newdittyswag-commerce.git,git@github.com:ph3ar/newdittyswag-commerce.git,main,True,False,False,False,Svelte,2026-02-19T21:29:27Z,2024-08-23T17:48:33Z,2026-02-19T21:29:27Z,pushed_at,/Users/bwm.barbinewarnermichael/Documents/github/repositories/github-recent/ph3ar__newdittyswag-commerce,cloned,
ph3ar/fortune-cookie-webby,fortune-cookie-webby,ph3ar,org:ph3ar,https://github.com/ph3ar/fortune-cookie-webby,https://github.com/ph3ar/fortune-cookie-webby.git,git@github.com:ph3ar/fortune-cookie-webby.git,main,True,False,False,False,,2026-02-07T18:23:04Z,2026-02-07T18:23:05Z,2026-02-07T18:23:04Z,pushed_at,/Users/bwm.barbinewarnermichael/Documents/github/repositories/github-recent/ph3ar__fortune-cookie-webby,cloned,
ph3ar/v0-fortune-cookie-windshield-gf,v0-fortune-cookie-windshield-gf,ph3ar,org:ph3ar,https://github.com/ph3ar/v0-fortune-cookie-windshield-gf,https://github.com/ph3ar/v0-fortune-cookie-windshield-gf.git,git@github.com:ph3ar/v0-fortune-cookie-windshield-gf.git,main,True,False,False,False,,2026-02-07T18:20:53Z,2026-02-07T18:20:53Z,2026-02-07T18:20:53Z,pushed_at,/Users/bwm.barbinewarnermichael/Documents/github/repositories/github-recent/ph3ar__v0-fortune-cookie-windshield-gf,cloned,
ph3ar/v0-fortune-cookie-windshield,v0-fortune-cookie-windshield,ph3ar,org:ph3ar,https://github.com/ph3ar/v0-fortune-cookie-windshield,https://github.com/ph3ar/v0-fortune-cookie-windshield.git,git@github.com:ph3ar/v0-fortune-cookie-windshield.git,main,True,False,False,False,,2026-02-07T18:11:42Z,2026-02-07T18:11:42Z,2026-02-07T18:11:42Z,pushed_at,/Users/bwm.barbinewarnermichael/Documents/github/repositories/github-recent/ph3ar__v0-fortune-cookie-windshield,cloned,
ph3ar/renegade-bbs-docker,renegade-bbs-docker,ph3ar,org:ph3ar,https://github.com/ph3ar/renegade-bbs-docker,https://github.com/ph3ar/renegade-bbs-docker.git,git@github.com:ph3ar/renegade-bbs-docker.git,main,True,False,False,False,Shell,2026-01-06T03:05:16Z,2026-01-06T03:04:59Z,2026-01-06T03:05:16Z,pushed_at,/Users/bwm.barbinewarnermichael/Documents/github/repositories/github-recent/ph3ar__renegade-bbs-docker,cloned,
ph3ar/hope-auto-checkin,hope-auto-checkin,ph3ar,org:ph3ar,https://github.com/ph3ar/hope-auto-checkin,https://github.com/ph3ar/hope-auto-checkin.git,git@github.com:ph3ar/hope-auto-checkin.git,main,False,False,False,False,JavaScript,2025-08-18T05:43:51Z,2025-08-18T05:43:54Z,2025-08-18T05:43:51Z,pushed_at,/Users/bwm.barbinewarnermichael/Documents/github/repositories/github-recent/ph3ar__hope-auto-checkin,fetched,
mbarbine/aws-next-k8-cluster-deploy,aws-next-k8-cluster-deploy,mbarbine,user,https://github.com/mbarbine/aws-next-k8-cluster-deploy,https://github.com/mbarbine/aws-next-k8-cluster-deploy.git,git@github.com:mbarbine/aws-next-k8-cluster-deploy.git,main,False,False,False,False,HCL,2025-04-21T17:52:06Z,2025-04-21T17:53:05Z,2025-04-21T17:52:06Z,pushed_at,/Users/bwm.barbinewarnermichael/Documents/github/repositories/github-recent/mbarbine__aws-next-k8-cluster-deploy,fetched,
process-charts/.github,.github,process-charts,user,https://github.com/process-charts/.github,https://github.com/process-charts/.github.git,git@github.com:process-charts/.github.git,main,False,False,False,False,,2025-04-06T20:59:48Z,2025-04-06T20:59:51Z,2025-04-06T20:59:48Z,pushed_at,/Users/bwm.barbinewarnermichael/Documents/github/repositories/github-recent/process-charts__.github,fetched,
process-partners/.github,.github,process-partners,user,https://github.com/process-partners/.github,https://github.com/process-partners/.github.git,git@github.com:process-partners/.github.git,main,False,False,False,False,,2025-04-06T20:59:10Z,2025-04-06T20:59:13Z,2025-04-06T20:59:10Z,pushed_at,/Users/bwm.barbinewarnermichael/Documents/github/repositories/github-recent/process-partners__.github,fetched,
process-co/.github,.github,process-co,user,https://github.com/process-co/.github,https://github.com/process-co/.github.git,git@github.com:process-co/.github.git,main,False,False,False,False,,2025-04-06T20:58:58Z,2025-04-06T20:59:01Z,2025-04-06T20:58:58Z,pushed_at,/Users/bwm.barbinewarnermichael/Documents/github/repositories/github-recent/process-co__.github,fetched,
ph3ar/mermaid-www,mermaid-www,ph3ar,org:ph3ar,https://github.com/ph3ar/mermaid-www,https://github.com/ph3ar/mermaid-www.git,git@github.com:ph3ar/mermaid-www.git,main,True,False,False,False,TypeScript,2025-01-18T18:29:46Z,2025-01-18T18:29:48Z,2025-01-18T18:29:46Z,pushed_at,/Users/bwm.barbinewarnermichael/Documents/github/repositories/github-recent/ph3ar__mermaid-www,cloned,
ph3ar/ph3ar-docs-enhanced-labs,ph3ar-docs-enhanced-labs,ph3ar,org:ph3ar,https://github.com/ph3ar/ph3ar-docs-enhanced-labs,https://github.com/ph3ar/ph3ar-docs-enhanced-labs.git,git@github.com:ph3ar/ph3ar-docs-enhanced-labs.git,main,True,False,False,False,MDX,2024-11-15T16:07:30Z,2024-11-15T16:07:33Z,2024-11-15T16:07:30Z,pushed_at,/Users/bwm.barbinewarnermichael/Documents/github/repositories/github-recent/ph3ar__ph3ar-docs-enhanced-labs,cloned,
